file_path,emotion_code,emotion_name,intensity,valence,arousal,actor
../data/ravdess/audio_speech_actors_01-24\Actor_01\03-01-01-01-01-01-01.wav,1,neutral,1,1,0,1
../data/ravdess/audio_speech_actors_01-24\Actor_01\03-01-01-01-01-02-01.wav,1,neutral,1,1,0,1
../data/ravdess/audio_speech_actors_01-24\Actor_01\03-01-01-01-02-01-01.wav,1,neutral,1,1,0,1
../data/ravdess/audio_speech_actors_01-24\Actor_01\03-01-01-01-02-02-01.wav,1,neutral,1,1,0,1
../data/ravdess/audio_speech_actors_01-24\Actor_01\03-01-02-01-01-01-01.wav,2,calm,1,1,0,1
../data/ravdess/audio_speech_actors_01-24\Actor_01\03-01-02-01-01-02-01.wav,2,calm,1,1,0,1
../data/ravdess/audio_speech_actors_01-24\Actor_01\03-01-02-01-02-01-01.wav,2,calm,1,1,0,1
../data/ravdess/audio_speech_actors_01-24\Actor_01\03-01-02-01-02-02-01.wav,2,calm,1,1,0,1
../data/ravdess/audio_speech_actors_01-24\Actor_01\03-01-02-02-01-01-01.wav,2,calm,2,1,0,1
../data/ravdess/audio_speech_actors_01-24\Actor_01\03-01-02-02-01-02-01.wav,2,calm,2,1,0,1
../data/ravdess/audio_speech_actors_01-24\Actor_01\03-01-02-02-02-01-01.wav,2,calm,2,1,0,1
../data/ravdess/audio_speech_actors_01-24\Actor_01\03-01-02-02-02-02-01.wav,2,calm,2,1,0,1
../data/ravdess/audio_speech_actors_01-24\Actor_01\03-01-03-01-01-01-01.wav,3,happy,1,1,1,1
../data/ravdess/audio_speech_actors_01-24\Actor_01\03-01-03-01-01-02-01.wav,3,happy,1,1,1,1
../data/ravdess/audio_speech_actors_01-24\Actor_01\03-01-03-01-02-01-01.wav,3,happy,1,1,1,1
../data/ravdess/audio_speech_actors_01-24\Actor_01\03-01-03-01-02-02-01.wav,3,happy,1,1,1,1
../data/ravdess/audio_speech_actors_01-24\Actor_01\03-01-03-02-01-01-01.wav,3,happy,2,1,1,1
../data/ravdess/audio_speech_actors_01-24\Actor_01\03-01-03-02-01-02-01.wav,3,happy,2,1,1,1
../data/ravdess/audio_speech_actors_01-24\Actor_01\03-01-03-02-02-01-01.wav,3,happy,2,1,1,1
../data/ravdess/audio_speech_actors_01-24\Actor_01\03-01-03-02-02-02-01.wav,3,happy,2,1,1,1
../data/ravdess/audio_speech_actors_01-24\Actor_01\03-01-04-01-01-01-01.wav,4,sad,1,0,0,1
../data/ravdess/audio_speech_actors_01-24\Actor_01\03-01-04-01-01-02-01.wav,4,sad,1,0,0,1
../data/ravdess/audio_speech_actors_01-24\Actor_01\03-01-04-01-02-01-01.wav,4,sad,1,0,0,1
../data/ravdess/audio_speech_actors_01-24\Actor_01\03-01-04-01-02-02-01.wav,4,sad,1,0,0,1
../data/ravdess/audio_speech_actors_01-24\Actor_01\03-01-04-02-01-01-01.wav,4,sad,2,0,0,1
../data/ravdess/audio_speech_actors_01-24\Actor_01\03-01-04-02-01-02-01.wav,4,sad,2,0,0,1
../data/ravdess/audio_speech_actors_01-24\Actor_01\03-01-04-02-02-01-01.wav,4,sad,2,0,0,1
../data/ravdess/audio_speech_actors_01-24\Actor_01\03-01-04-02-02-02-01.wav,4,sad,2,0,0,1
../data/ravdess/audio_speech_actors_01-24\Actor_01\03-01-05-01-01-01-01.wav,5,angry,1,0,1,1
../data/ravdess/audio_speech_actors_01-24\Actor_01\03-01-05-01-01-02-01.wav,5,angry,1,0,1,1
../data/ravdess/audio_speech_actors_01-24\Actor_01\03-01-05-01-02-01-01.wav,5,angry,1,0,1,1
../data/ravdess/audio_speech_actors_01-24\Actor_01\03-01-05-01-02-02-01.wav,5,angry,1,0,1,1
../data/ravdess/audio_speech_actors_01-24\Actor_01\03-01-05-02-01-01-01.wav,5,angry,2,0,1,1
../data/ravdess/audio_speech_actors_01-24\Actor_01\03-01-05-02-01-02-01.wav,5,angry,2,0,1,1
../data/ravdess/audio_speech_actors_01-24\Actor_01\03-01-05-02-02-01-01.wav,5,angry,2,0,1,1
../data/ravdess/audio_speech_actors_01-24\Actor_01\03-01-05-02-02-02-01.wav,5,angry,2,0,1,1
../data/ravdess/audio_speech_actors_01-24\Actor_01\03-01-06-01-01-01-01.wav,6,fearful,1,0,1,1
../data/ravdess/audio_speech_actors_01-24\Actor_01\03-01-06-01-01-02-01.wav,6,fearful,1,0,1,1
../data/ravdess/audio_speech_actors_01-24\Actor_01\03-01-06-01-02-01-01.wav,6,fearful,1,0,1,1
../data/ravdess/audio_speech_actors_01-24\Actor_01\03-01-06-01-02-02-01.wav,6,fearful,1,0,1,1
../data/ravdess/audio_speech_actors_01-24\Actor_01\03-01-06-02-01-01-01.wav,6,fearful,2,0,1,1
../data/ravdess/audio_speech_actors_01-24\Actor_01\03-01-06-02-01-02-01.wav,6,fearful,2,0,1,1
../data/ravdess/audio_speech_actors_01-24\Actor_01\03-01-06-02-02-01-01.wav,6,fearful,2,0,1,1
../data/ravdess/audio_speech_actors_01-24\Actor_01\03-01-06-02-02-02-01.wav,6,fearful,2,0,1,1
../data/ravdess/audio_speech_actors_01-24\Actor_01\03-01-07-01-01-01-01.wav,7,disgust,1,0,1,1
../data/ravdess/audio_speech_actors_01-24\Actor_01\03-01-07-01-01-02-01.wav,7,disgust,1,0,1,1
../data/ravdess/audio_speech_actors_01-24\Actor_01\03-01-07-01-02-01-01.wav,7,disgust,1,0,1,1
../data/ravdess/audio_speech_actors_01-24\Actor_01\03-01-07-01-02-02-01.wav,7,disgust,1,0,1,1
../data/ravdess/audio_speech_actors_01-24\Actor_01\03-01-07-02-01-01-01.wav,7,disgust,2,0,1,1
../data/ravdess/audio_speech_actors_01-24\Actor_01\03-01-07-02-01-02-01.wav,7,disgust,2,0,1,1
../data/ravdess/audio_speech_actors_01-24\Actor_01\03-01-07-02-02-01-01.wav,7,disgust,2,0,1,1
../data/ravdess/audio_speech_actors_01-24\Actor_01\03-01-07-02-02-02-01.wav,7,disgust,2,0,1,1
../data/ravdess/audio_speech_actors_01-24\Actor_01\03-01-08-01-01-01-01.wav,8,surprised,1,1,1,1
../data/ravdess/audio_speech_actors_01-24\Actor_01\03-01-08-01-01-02-01.wav,8,surprised,1,1,1,1
../data/ravdess/audio_speech_actors_01-24\Actor_01\03-01-08-01-02-01-01.wav,8,surprised,1,1,1,1
../data/ravdess/audio_speech_actors_01-24\Actor_01\03-01-08-01-02-02-01.wav,8,surprised,1,1,1,1
../data/ravdess/audio_speech_actors_01-24\Actor_01\03-01-08-02-01-01-01.wav,8,surprised,2,1,1,1
../data/ravdess/audio_speech_actors_01-24\Actor_01\03-01-08-02-01-02-01.wav,8,surprised,2,1,1,1
../data/ravdess/audio_speech_actors_01-24\Actor_01\03-01-08-02-02-01-01.wav,8,surprised,2,1,1,1
../data/ravdess/audio_speech_actors_01-24\Actor_01\03-01-08-02-02-02-01.wav,8,surprised,2,1,1,1
../data/ravdess/audio_speech_actors_01-24\Actor_02\03-01-01-01-01-01-02.wav,1,neutral,1,1,0,2
../data/ravdess/audio_speech_actors_01-24\Actor_02\03-01-01-01-01-02-02.wav,1,neutral,1,1,0,2
../data/ravdess/audio_speech_actors_01-24\Actor_02\03-01-01-01-02-01-02.wav,1,neutral,1,1,0,2
../data/ravdess/audio_speech_actors_01-24\Actor_02\03-01-01-01-02-02-02.wav,1,neutral,1,1,0,2
../data/ravdess/audio_speech_actors_01-24\Actor_02\03-01-02-01-01-01-02.wav,2,calm,1,1,0,2
../data/ravdess/audio_speech_actors_01-24\Actor_02\03-01-02-01-01-02-02.wav,2,calm,1,1,0,2
../data/ravdess/audio_speech_actors_01-24\Actor_02\03-01-02-01-02-01-02.wav,2,calm,1,1,0,2
../data/ravdess/audio_speech_actors_01-24\Actor_02\03-01-02-01-02-02-02.wav,2,calm,1,1,0,2
../data/ravdess/audio_speech_actors_01-24\Actor_02\03-01-02-02-01-01-02.wav,2,calm,2,1,0,2
../data/ravdess/audio_speech_actors_01-24\Actor_02\03-01-02-02-01-02-02.wav,2,calm,2,1,0,2
../data/ravdess/audio_speech_actors_01-24\Actor_02\03-01-02-02-02-01-02.wav,2,calm,2,1,0,2
../data/ravdess/audio_speech_actors_01-24\Actor_02\03-01-02-02-02-02-02.wav,2,calm,2,1,0,2
../data/ravdess/audio_speech_actors_01-24\Actor_02\03-01-03-01-01-01-02.wav,3,happy,1,1,1,2
../data/ravdess/audio_speech_actors_01-24\Actor_02\03-01-03-01-01-02-02.wav,3,happy,1,1,1,2
../data/ravdess/audio_speech_actors_01-24\Actor_02\03-01-03-01-02-01-02.wav,3,happy,1,1,1,2
../data/ravdess/audio_speech_actors_01-24\Actor_02\03-01-03-01-02-02-02.wav,3,happy,1,1,1,2
../data/ravdess/audio_speech_actors_01-24\Actor_02\03-01-03-02-01-01-02.wav,3,happy,2,1,1,2
../data/ravdess/audio_speech_actors_01-24\Actor_02\03-01-03-02-01-02-02.wav,3,happy,2,1,1,2
../data/ravdess/audio_speech_actors_01-24\Actor_02\03-01-03-02-02-01-02.wav,3,happy,2,1,1,2
../data/ravdess/audio_speech_actors_01-24\Actor_02\03-01-03-02-02-02-02.wav,3,happy,2,1,1,2
../data/ravdess/audio_speech_actors_01-24\Actor_02\03-01-04-01-01-01-02.wav,4,sad,1,0,0,2
../data/ravdess/audio_speech_actors_01-24\Actor_02\03-01-04-01-01-02-02.wav,4,sad,1,0,0,2
../data/ravdess/audio_speech_actors_01-24\Actor_02\03-01-04-01-02-01-02.wav,4,sad,1,0,0,2
../data/ravdess/audio_speech_actors_01-24\Actor_02\03-01-04-01-02-02-02.wav,4,sad,1,0,0,2
../data/ravdess/audio_speech_actors_01-24\Actor_02\03-01-04-02-01-01-02.wav,4,sad,2,0,0,2
../data/ravdess/audio_speech_actors_01-24\Actor_02\03-01-04-02-01-02-02.wav,4,sad,2,0,0,2
../data/ravdess/audio_speech_actors_01-24\Actor_02\03-01-04-02-02-01-02.wav,4,sad,2,0,0,2
../data/ravdess/audio_speech_actors_01-24\Actor_02\03-01-04-02-02-02-02.wav,4,sad,2,0,0,2
../data/ravdess/audio_speech_actors_01-24\Actor_02\03-01-05-01-01-01-02.wav,5,angry,1,0,1,2
../data/ravdess/audio_speech_actors_01-24\Actor_02\03-01-05-01-01-02-02.wav,5,angry,1,0,1,2
../data/ravdess/audio_speech_actors_01-24\Actor_02\03-01-05-01-02-01-02.wav,5,angry,1,0,1,2
../data/ravdess/audio_speech_actors_01-24\Actor_02\03-01-05-01-02-02-02.wav,5,angry,1,0,1,2
../data/ravdess/audio_speech_actors_01-24\Actor_02\03-01-05-02-01-01-02.wav,5,angry,2,0,1,2
../data/ravdess/audio_speech_actors_01-24\Actor_02\03-01-05-02-01-02-02.wav,5,angry,2,0,1,2
../data/ravdess/audio_speech_actors_01-24\Actor_02\03-01-05-02-02-01-02.wav,5,angry,2,0,1,2
../data/ravdess/audio_speech_actors_01-24\Actor_02\03-01-05-02-02-02-02.wav,5,angry,2,0,1,2
../data/ravdess/audio_speech_actors_01-24\Actor_02\03-01-06-01-01-01-02.wav,6,fearful,1,0,1,2
../data/ravdess/audio_speech_actors_01-24\Actor_02\03-01-06-01-01-02-02.wav,6,fearful,1,0,1,2
../data/ravdess/audio_speech_actors_01-24\Actor_02\03-01-06-01-02-01-02.wav,6,fearful,1,0,1,2
../data/ravdess/audio_speech_actors_01-24\Actor_02\03-01-06-01-02-02-02.wav,6,fearful,1,0,1,2
../data/ravdess/audio_speech_actors_01-24\Actor_02\03-01-06-02-01-01-02.wav,6,fearful,2,0,1,2
../data/ravdess/audio_speech_actors_01-24\Actor_02\03-01-06-02-01-02-02.wav,6,fearful,2,0,1,2
../data/ravdess/audio_speech_actors_01-24\Actor_02\03-01-06-02-02-01-02.wav,6,fearful,2,0,1,2
../data/ravdess/audio_speech_actors_01-24\Actor_02\03-01-06-02-02-02-02.wav,6,fearful,2,0,1,2
../data/ravdess/audio_speech_actors_01-24\Actor_02\03-01-07-01-01-01-02.wav,7,disgust,1,0,1,2
../data/ravdess/audio_speech_actors_01-24\Actor_02\03-01-07-01-01-02-02.wav,7,disgust,1,0,1,2
../data/ravdess/audio_speech_actors_01-24\Actor_02\03-01-07-01-02-01-02.wav,7,disgust,1,0,1,2
../data/ravdess/audio_speech_actors_01-24\Actor_02\03-01-07-01-02-02-02.wav,7,disgust,1,0,1,2
../data/ravdess/audio_speech_actors_01-24\Actor_02\03-01-07-02-01-01-02.wav,7,disgust,2,0,1,2
../data/ravdess/audio_speech_actors_01-24\Actor_02\03-01-07-02-01-02-02.wav,7,disgust,2,0,1,2
../data/ravdess/audio_speech_actors_01-24\Actor_02\03-01-07-02-02-01-02.wav,7,disgust,2,0,1,2
../data/ravdess/audio_speech_actors_01-24\Actor_02\03-01-07-02-02-02-02.wav,7,disgust,2,0,1,2
../data/ravdess/audio_speech_actors_01-24\Actor_02\03-01-08-01-01-01-02.wav,8,surprised,1,1,1,2
../data/ravdess/audio_speech_actors_01-24\Actor_02\03-01-08-01-01-02-02.wav,8,surprised,1,1,1,2
../data/ravdess/audio_speech_actors_01-24\Actor_02\03-01-08-01-02-01-02.wav,8,surprised,1,1,1,2
../data/ravdess/audio_speech_actors_01-24\Actor_02\03-01-08-01-02-02-02.wav,8,surprised,1,1,1,2
../data/ravdess/audio_speech_actors_01-24\Actor_02\03-01-08-02-01-01-02.wav,8,surprised,2,1,1,2
../data/ravdess/audio_speech_actors_01-24\Actor_02\03-01-08-02-01-02-02.wav,8,surprised,2,1,1,2
../data/ravdess/audio_speech_actors_01-24\Actor_02\03-01-08-02-02-01-02.wav,8,surprised,2,1,1,2
../data/ravdess/audio_speech_actors_01-24\Actor_02\03-01-08-02-02-02-02.wav,8,surprised,2,1,1,2
../data/ravdess/audio_speech_actors_01-24\Actor_03\03-01-01-01-01-01-03.wav,1,neutral,1,1,0,3
../data/ravdess/audio_speech_actors_01-24\Actor_03\03-01-01-01-01-02-03.wav,1,neutral,1,1,0,3
../data/ravdess/audio_speech_actors_01-24\Actor_03\03-01-01-01-02-01-03.wav,1,neutral,1,1,0,3
../data/ravdess/audio_speech_actors_01-24\Actor_03\03-01-01-01-02-02-03.wav,1,neutral,1,1,0,3
../data/ravdess/audio_speech_actors_01-24\Actor_03\03-01-02-01-01-01-03.wav,2,calm,1,1,0,3
../data/ravdess/audio_speech_actors_01-24\Actor_03\03-01-02-01-01-02-03.wav,2,calm,1,1,0,3
../data/ravdess/audio_speech_actors_01-24\Actor_03\03-01-02-01-02-01-03.wav,2,calm,1,1,0,3
../data/ravdess/audio_speech_actors_01-24\Actor_03\03-01-02-01-02-02-03.wav,2,calm,1,1,0,3
../data/ravdess/audio_speech_actors_01-24\Actor_03\03-01-02-02-01-01-03.wav,2,calm,2,1,0,3
../data/ravdess/audio_speech_actors_01-24\Actor_03\03-01-02-02-01-02-03.wav,2,calm,2,1,0,3
../data/ravdess/audio_speech_actors_01-24\Actor_03\03-01-02-02-02-01-03.wav,2,calm,2,1,0,3
../data/ravdess/audio_speech_actors_01-24\Actor_03\03-01-02-02-02-02-03.wav,2,calm,2,1,0,3
../data/ravdess/audio_speech_actors_01-24\Actor_03\03-01-03-01-01-01-03.wav,3,happy,1,1,1,3
../data/ravdess/audio_speech_actors_01-24\Actor_03\03-01-03-01-01-02-03.wav,3,happy,1,1,1,3
../data/ravdess/audio_speech_actors_01-24\Actor_03\03-01-03-01-02-01-03.wav,3,happy,1,1,1,3
../data/ravdess/audio_speech_actors_01-24\Actor_03\03-01-03-01-02-02-03.wav,3,happy,1,1,1,3
../data/ravdess/audio_speech_actors_01-24\Actor_03\03-01-03-02-01-01-03.wav,3,happy,2,1,1,3
../data/ravdess/audio_speech_actors_01-24\Actor_03\03-01-03-02-01-02-03.wav,3,happy,2,1,1,3
../data/ravdess/audio_speech_actors_01-24\Actor_03\03-01-03-02-02-01-03.wav,3,happy,2,1,1,3
../data/ravdess/audio_speech_actors_01-24\Actor_03\03-01-03-02-02-02-03.wav,3,happy,2,1,1,3
../data/ravdess/audio_speech_actors_01-24\Actor_03\03-01-04-01-01-01-03.wav,4,sad,1,0,0,3
../data/ravdess/audio_speech_actors_01-24\Actor_03\03-01-04-01-01-02-03.wav,4,sad,1,0,0,3
../data/ravdess/audio_speech_actors_01-24\Actor_03\03-01-04-01-02-01-03.wav,4,sad,1,0,0,3
../data/ravdess/audio_speech_actors_01-24\Actor_03\03-01-04-01-02-02-03.wav,4,sad,1,0,0,3
../data/ravdess/audio_speech_actors_01-24\Actor_03\03-01-04-02-01-01-03.wav,4,sad,2,0,0,3
../data/ravdess/audio_speech_actors_01-24\Actor_03\03-01-04-02-01-02-03.wav,4,sad,2,0,0,3
../data/ravdess/audio_speech_actors_01-24\Actor_03\03-01-04-02-02-01-03.wav,4,sad,2,0,0,3
../data/ravdess/audio_speech_actors_01-24\Actor_03\03-01-04-02-02-02-03.wav,4,sad,2,0,0,3
../data/ravdess/audio_speech_actors_01-24\Actor_03\03-01-05-01-01-01-03.wav,5,angry,1,0,1,3
../data/ravdess/audio_speech_actors_01-24\Actor_03\03-01-05-01-01-02-03.wav,5,angry,1,0,1,3
../data/ravdess/audio_speech_actors_01-24\Actor_03\03-01-05-01-02-01-03.wav,5,angry,1,0,1,3
../data/ravdess/audio_speech_actors_01-24\Actor_03\03-01-05-01-02-02-03.wav,5,angry,1,0,1,3
../data/ravdess/audio_speech_actors_01-24\Actor_03\03-01-05-02-01-01-03.wav,5,angry,2,0,1,3
../data/ravdess/audio_speech_actors_01-24\Actor_03\03-01-05-02-01-02-03.wav,5,angry,2,0,1,3
../data/ravdess/audio_speech_actors_01-24\Actor_03\03-01-05-02-02-01-03.wav,5,angry,2,0,1,3
../data/ravdess/audio_speech_actors_01-24\Actor_03\03-01-05-02-02-02-03.wav,5,angry,2,0,1,3
../data/ravdess/audio_speech_actors_01-24\Actor_03\03-01-06-01-01-01-03.wav,6,fearful,1,0,1,3
../data/ravdess/audio_speech_actors_01-24\Actor_03\03-01-06-01-01-02-03.wav,6,fearful,1,0,1,3
../data/ravdess/audio_speech_actors_01-24\Actor_03\03-01-06-01-02-01-03.wav,6,fearful,1,0,1,3
../data/ravdess/audio_speech_actors_01-24\Actor_03\03-01-06-01-02-02-03.wav,6,fearful,1,0,1,3
../data/ravdess/audio_speech_actors_01-24\Actor_03\03-01-06-02-01-01-03.wav,6,fearful,2,0,1,3
../data/ravdess/audio_speech_actors_01-24\Actor_03\03-01-06-02-01-02-03.wav,6,fearful,2,0,1,3
../data/ravdess/audio_speech_actors_01-24\Actor_03\03-01-06-02-02-01-03.wav,6,fearful,2,0,1,3
../data/ravdess/audio_speech_actors_01-24\Actor_03\03-01-06-02-02-02-03.wav,6,fearful,2,0,1,3
../data/ravdess/audio_speech_actors_01-24\Actor_03\03-01-07-01-01-01-03.wav,7,disgust,1,0,1,3
../data/ravdess/audio_speech_actors_01-24\Actor_03\03-01-07-01-01-02-03.wav,7,disgust,1,0,1,3
../data/ravdess/audio_speech_actors_01-24\Actor_03\03-01-07-01-02-01-03.wav,7,disgust,1,0,1,3
../data/ravdess/audio_speech_actors_01-24\Actor_03\03-01-07-01-02-02-03.wav,7,disgust,1,0,1,3
../data/ravdess/audio_speech_actors_01-24\Actor_03\03-01-07-02-01-01-03.wav,7,disgust,2,0,1,3
../data/ravdess/audio_speech_actors_01-24\Actor_03\03-01-07-02-01-02-03.wav,7,disgust,2,0,1,3
../data/ravdess/audio_speech_actors_01-24\Actor_03\03-01-07-02-02-01-03.wav,7,disgust,2,0,1,3
../data/ravdess/audio_speech_actors_01-24\Actor_03\03-01-07-02-02-02-03.wav,7,disgust,2,0,1,3
../data/ravdess/audio_speech_actors_01-24\Actor_03\03-01-08-01-01-01-03.wav,8,surprised,1,1,1,3
../data/ravdess/audio_speech_actors_01-24\Actor_03\03-01-08-01-01-02-03.wav,8,surprised,1,1,1,3
../data/ravdess/audio_speech_actors_01-24\Actor_03\03-01-08-01-02-01-03.wav,8,surprised,1,1,1,3
../data/ravdess/audio_speech_actors_01-24\Actor_03\03-01-08-01-02-02-03.wav,8,surprised,1,1,1,3
../data/ravdess/audio_speech_actors_01-24\Actor_03\03-01-08-02-01-01-03.wav,8,surprised,2,1,1,3
../data/ravdess/audio_speech_actors_01-24\Actor_03\03-01-08-02-01-02-03.wav,8,surprised,2,1,1,3
../data/ravdess/audio_speech_actors_01-24\Actor_03\03-01-08-02-02-01-03.wav,8,surprised,2,1,1,3
../data/ravdess/audio_speech_actors_01-24\Actor_03\03-01-08-02-02-02-03.wav,8,surprised,2,1,1,3
../data/ravdess/audio_speech_actors_01-24\Actor_04\03-01-01-01-01-01-04.wav,1,neutral,1,1,0,4
../data/ravdess/audio_speech_actors_01-24\Actor_04\03-01-01-01-01-02-04.wav,1,neutral,1,1,0,4
../data/ravdess/audio_speech_actors_01-24\Actor_04\03-01-01-01-02-01-04.wav,1,neutral,1,1,0,4
../data/ravdess/audio_speech_actors_01-24\Actor_04\03-01-01-01-02-02-04.wav,1,neutral,1,1,0,4
../data/ravdess/audio_speech_actors_01-24\Actor_04\03-01-02-01-01-01-04.wav,2,calm,1,1,0,4
../data/ravdess/audio_speech_actors_01-24\Actor_04\03-01-02-01-01-02-04.wav,2,calm,1,1,0,4
../data/ravdess/audio_speech_actors_01-24\Actor_04\03-01-02-01-02-01-04.wav,2,calm,1,1,0,4
../data/ravdess/audio_speech_actors_01-24\Actor_04\03-01-02-01-02-02-04.wav,2,calm,1,1,0,4
../data/ravdess/audio_speech_actors_01-24\Actor_04\03-01-02-02-01-01-04.wav,2,calm,2,1,0,4
../data/ravdess/audio_speech_actors_01-24\Actor_04\03-01-02-02-01-02-04.wav,2,calm,2,1,0,4
../data/ravdess/audio_speech_actors_01-24\Actor_04\03-01-02-02-02-01-04.wav,2,calm,2,1,0,4
../data/ravdess/audio_speech_actors_01-24\Actor_04\03-01-02-02-02-02-04.wav,2,calm,2,1,0,4
../data/ravdess/audio_speech_actors_01-24\Actor_04\03-01-03-01-01-01-04.wav,3,happy,1,1,1,4
../data/ravdess/audio_speech_actors_01-24\Actor_04\03-01-03-01-01-02-04.wav,3,happy,1,1,1,4
../data/ravdess/audio_speech_actors_01-24\Actor_04\03-01-03-01-02-01-04.wav,3,happy,1,1,1,4
../data/ravdess/audio_speech_actors_01-24\Actor_04\03-01-03-01-02-02-04.wav,3,happy,1,1,1,4
../data/ravdess/audio_speech_actors_01-24\Actor_04\03-01-03-02-01-01-04.wav,3,happy,2,1,1,4
../data/ravdess/audio_speech_actors_01-24\Actor_04\03-01-03-02-01-02-04.wav,3,happy,2,1,1,4
../data/ravdess/audio_speech_actors_01-24\Actor_04\03-01-03-02-02-01-04.wav,3,happy,2,1,1,4
../data/ravdess/audio_speech_actors_01-24\Actor_04\03-01-03-02-02-02-04.wav,3,happy,2,1,1,4
../data/ravdess/audio_speech_actors_01-24\Actor_04\03-01-04-01-01-01-04.wav,4,sad,1,0,0,4
../data/ravdess/audio_speech_actors_01-24\Actor_04\03-01-04-01-01-02-04.wav,4,sad,1,0,0,4
../data/ravdess/audio_speech_actors_01-24\Actor_04\03-01-04-01-02-01-04.wav,4,sad,1,0,0,4
../data/ravdess/audio_speech_actors_01-24\Actor_04\03-01-04-01-02-02-04.wav,4,sad,1,0,0,4
../data/ravdess/audio_speech_actors_01-24\Actor_04\03-01-04-02-01-01-04.wav,4,sad,2,0,0,4
../data/ravdess/audio_speech_actors_01-24\Actor_04\03-01-04-02-01-02-04.wav,4,sad,2,0,0,4
../data/ravdess/audio_speech_actors_01-24\Actor_04\03-01-04-02-02-01-04.wav,4,sad,2,0,0,4
../data/ravdess/audio_speech_actors_01-24\Actor_04\03-01-04-02-02-02-04.wav,4,sad,2,0,0,4
../data/ravdess/audio_speech_actors_01-24\Actor_04\03-01-05-01-01-01-04.wav,5,angry,1,0,1,4
../data/ravdess/audio_speech_actors_01-24\Actor_04\03-01-05-01-01-02-04.wav,5,angry,1,0,1,4
../data/ravdess/audio_speech_actors_01-24\Actor_04\03-01-05-01-02-01-04.wav,5,angry,1,0,1,4
../data/ravdess/audio_speech_actors_01-24\Actor_04\03-01-05-01-02-02-04.wav,5,angry,1,0,1,4
../data/ravdess/audio_speech_actors_01-24\Actor_04\03-01-05-02-01-01-04.wav,5,angry,2,0,1,4
../data/ravdess/audio_speech_actors_01-24\Actor_04\03-01-05-02-01-02-04.wav,5,angry,2,0,1,4
../data/ravdess/audio_speech_actors_01-24\Actor_04\03-01-05-02-02-01-04.wav,5,angry,2,0,1,4
../data/ravdess/audio_speech_actors_01-24\Actor_04\03-01-05-02-02-02-04.wav,5,angry,2,0,1,4
../data/ravdess/audio_speech_actors_01-24\Actor_04\03-01-06-01-01-01-04.wav,6,fearful,1,0,1,4
../data/ravdess/audio_speech_actors_01-24\Actor_04\03-01-06-01-01-02-04.wav,6,fearful,1,0,1,4
../data/ravdess/audio_speech_actors_01-24\Actor_04\03-01-06-01-02-01-04.wav,6,fearful,1,0,1,4
../data/ravdess/audio_speech_actors_01-24\Actor_04\03-01-06-01-02-02-04.wav,6,fearful,1,0,1,4
../data/ravdess/audio_speech_actors_01-24\Actor_04\03-01-06-02-01-01-04.wav,6,fearful,2,0,1,4
../data/ravdess/audio_speech_actors_01-24\Actor_04\03-01-06-02-01-02-04.wav,6,fearful,2,0,1,4
../data/ravdess/audio_speech_actors_01-24\Actor_04\03-01-06-02-02-01-04.wav,6,fearful,2,0,1,4
../data/ravdess/audio_speech_actors_01-24\Actor_04\03-01-06-02-02-02-04.wav,6,fearful,2,0,1,4
../data/ravdess/audio_speech_actors_01-24\Actor_04\03-01-07-01-01-01-04.wav,7,disgust,1,0,1,4
../data/ravdess/audio_speech_actors_01-24\Actor_04\03-01-07-01-01-02-04.wav,7,disgust,1,0,1,4
../data/ravdess/audio_speech_actors_01-24\Actor_04\03-01-07-01-02-01-04.wav,7,disgust,1,0,1,4
../data/ravdess/audio_speech_actors_01-24\Actor_04\03-01-07-01-02-02-04.wav,7,disgust,1,0,1,4
../data/ravdess/audio_speech_actors_01-24\Actor_04\03-01-07-02-01-01-04.wav,7,disgust,2,0,1,4
../data/ravdess/audio_speech_actors_01-24\Actor_04\03-01-07-02-01-02-04.wav,7,disgust,2,0,1,4
../data/ravdess/audio_speech_actors_01-24\Actor_04\03-01-07-02-02-01-04.wav,7,disgust,2,0,1,4
../data/ravdess/audio_speech_actors_01-24\Actor_04\03-01-07-02-02-02-04.wav,7,disgust,2,0,1,4
../data/ravdess/audio_speech_actors_01-24\Actor_04\03-01-08-01-01-01-04.wav,8,surprised,1,1,1,4
../data/ravdess/audio_speech_actors_01-24\Actor_04\03-01-08-01-01-02-04.wav,8,surprised,1,1,1,4
../data/ravdess/audio_speech_actors_01-24\Actor_04\03-01-08-01-02-01-04.wav,8,surprised,1,1,1,4
../data/ravdess/audio_speech_actors_01-24\Actor_04\03-01-08-01-02-02-04.wav,8,surprised,1,1,1,4
../data/ravdess/audio_speech_actors_01-24\Actor_04\03-01-08-02-01-01-04.wav,8,surprised,2,1,1,4
../data/ravdess/audio_speech_actors_01-24\Actor_04\03-01-08-02-01-02-04.wav,8,surprised,2,1,1,4
../data/ravdess/audio_speech_actors_01-24\Actor_04\03-01-08-02-02-01-04.wav,8,surprised,2,1,1,4
../data/ravdess/audio_speech_actors_01-24\Actor_04\03-01-08-02-02-02-04.wav,8,surprised,2,1,1,4
../data/ravdess/audio_speech_actors_01-24\Actor_05\03-01-01-01-01-01-05.wav,1,neutral,1,1,0,5
../data/ravdess/audio_speech_actors_01-24\Actor_05\03-01-01-01-01-02-05.wav,1,neutral,1,1,0,5
../data/ravdess/audio_speech_actors_01-24\Actor_05\03-01-01-01-02-01-05.wav,1,neutral,1,1,0,5
../data/ravdess/audio_speech_actors_01-24\Actor_05\03-01-01-01-02-02-05.wav,1,neutral,1,1,0,5
../data/ravdess/audio_speech_actors_01-24\Actor_05\03-01-02-01-01-01-05.wav,2,calm,1,1,0,5
../data/ravdess/audio_speech_actors_01-24\Actor_05\03-01-02-01-01-02-05.wav,2,calm,1,1,0,5
../data/ravdess/audio_speech_actors_01-24\Actor_05\03-01-02-01-02-01-05.wav,2,calm,1,1,0,5
../data/ravdess/audio_speech_actors_01-24\Actor_05\03-01-02-01-02-02-05.wav,2,calm,1,1,0,5
../data/ravdess/audio_speech_actors_01-24\Actor_05\03-01-02-02-01-01-05.wav,2,calm,2,1,0,5
../data/ravdess/audio_speech_actors_01-24\Actor_05\03-01-02-02-01-02-05.wav,2,calm,2,1,0,5
../data/ravdess/audio_speech_actors_01-24\Actor_05\03-01-02-02-02-01-05.wav,2,calm,2,1,0,5
../data/ravdess/audio_speech_actors_01-24\Actor_05\03-01-02-02-02-02-05.wav,2,calm,2,1,0,5
../data/ravdess/audio_speech_actors_01-24\Actor_05\03-01-03-01-01-01-05.wav,3,happy,1,1,1,5
../data/ravdess/audio_speech_actors_01-24\Actor_05\03-01-03-01-01-02-05.wav,3,happy,1,1,1,5
../data/ravdess/audio_speech_actors_01-24\Actor_05\03-01-03-01-02-01-05.wav,3,happy,1,1,1,5
../data/ravdess/audio_speech_actors_01-24\Actor_05\03-01-03-01-02-02-05.wav,3,happy,1,1,1,5
../data/ravdess/audio_speech_actors_01-24\Actor_05\03-01-03-02-01-01-05.wav,3,happy,2,1,1,5
../data/ravdess/audio_speech_actors_01-24\Actor_05\03-01-03-02-01-02-05.wav,3,happy,2,1,1,5
../data/ravdess/audio_speech_actors_01-24\Actor_05\03-01-03-02-02-01-05.wav,3,happy,2,1,1,5
../data/ravdess/audio_speech_actors_01-24\Actor_05\03-01-03-02-02-02-05.wav,3,happy,2,1,1,5
../data/ravdess/audio_speech_actors_01-24\Actor_05\03-01-04-01-01-01-05.wav,4,sad,1,0,0,5
../data/ravdess/audio_speech_actors_01-24\Actor_05\03-01-04-01-01-02-05.wav,4,sad,1,0,0,5
../data/ravdess/audio_speech_actors_01-24\Actor_05\03-01-04-01-02-01-05.wav,4,sad,1,0,0,5
../data/ravdess/audio_speech_actors_01-24\Actor_05\03-01-04-01-02-02-05.wav,4,sad,1,0,0,5
../data/ravdess/audio_speech_actors_01-24\Actor_05\03-01-04-02-01-01-05.wav,4,sad,2,0,0,5
../data/ravdess/audio_speech_actors_01-24\Actor_05\03-01-04-02-01-02-05.wav,4,sad,2,0,0,5
../data/ravdess/audio_speech_actors_01-24\Actor_05\03-01-04-02-02-01-05.wav,4,sad,2,0,0,5
../data/ravdess/audio_speech_actors_01-24\Actor_05\03-01-04-02-02-02-05.wav,4,sad,2,0,0,5
../data/ravdess/audio_speech_actors_01-24\Actor_05\03-01-05-01-01-01-05.wav,5,angry,1,0,1,5
../data/ravdess/audio_speech_actors_01-24\Actor_05\03-01-05-01-01-02-05.wav,5,angry,1,0,1,5
../data/ravdess/audio_speech_actors_01-24\Actor_05\03-01-05-01-02-01-05.wav,5,angry,1,0,1,5
../data/ravdess/audio_speech_actors_01-24\Actor_05\03-01-05-01-02-02-05.wav,5,angry,1,0,1,5
../data/ravdess/audio_speech_actors_01-24\Actor_05\03-01-05-02-01-01-05.wav,5,angry,2,0,1,5
../data/ravdess/audio_speech_actors_01-24\Actor_05\03-01-05-02-01-02-05.wav,5,angry,2,0,1,5
../data/ravdess/audio_speech_actors_01-24\Actor_05\03-01-05-02-02-01-05.wav,5,angry,2,0,1,5
../data/ravdess/audio_speech_actors_01-24\Actor_05\03-01-05-02-02-02-05.wav,5,angry,2,0,1,5
../data/ravdess/audio_speech_actors_01-24\Actor_05\03-01-06-01-01-01-05.wav,6,fearful,1,0,1,5
../data/ravdess/audio_speech_actors_01-24\Actor_05\03-01-06-01-01-02-05.wav,6,fearful,1,0,1,5
../data/ravdess/audio_speech_actors_01-24\Actor_05\03-01-06-01-02-01-05.wav,6,fearful,1,0,1,5
../data/ravdess/audio_speech_actors_01-24\Actor_05\03-01-06-01-02-02-05.wav,6,fearful,1,0,1,5
../data/ravdess/audio_speech_actors_01-24\Actor_05\03-01-06-02-01-01-05.wav,6,fearful,2,0,1,5
../data/ravdess/audio_speech_actors_01-24\Actor_05\03-01-06-02-01-02-05.wav,6,fearful,2,0,1,5
../data/ravdess/audio_speech_actors_01-24\Actor_05\03-01-06-02-02-01-05.wav,6,fearful,2,0,1,5
../data/ravdess/audio_speech_actors_01-24\Actor_05\03-01-06-02-02-02-05.wav,6,fearful,2,0,1,5
../data/ravdess/audio_speech_actors_01-24\Actor_05\03-01-07-01-01-01-05.wav,7,disgust,1,0,1,5
../data/ravdess/audio_speech_actors_01-24\Actor_05\03-01-07-01-01-02-05.wav,7,disgust,1,0,1,5
../data/ravdess/audio_speech_actors_01-24\Actor_05\03-01-07-01-02-01-05.wav,7,disgust,1,0,1,5
../data/ravdess/audio_speech_actors_01-24\Actor_05\03-01-07-01-02-02-05.wav,7,disgust,1,0,1,5
../data/ravdess/audio_speech_actors_01-24\Actor_05\03-01-07-02-01-01-05.wav,7,disgust,2,0,1,5
../data/ravdess/audio_speech_actors_01-24\Actor_05\03-01-07-02-01-02-05.wav,7,disgust,2,0,1,5
../data/ravdess/audio_speech_actors_01-24\Actor_05\03-01-07-02-02-01-05.wav,7,disgust,2,0,1,5
../data/ravdess/audio_speech_actors_01-24\Actor_05\03-01-07-02-02-02-05.wav,7,disgust,2,0,1,5
../data/ravdess/audio_speech_actors_01-24\Actor_05\03-01-08-01-01-01-05.wav,8,surprised,1,1,1,5
../data/ravdess/audio_speech_actors_01-24\Actor_05\03-01-08-01-01-02-05.wav,8,surprised,1,1,1,5
../data/ravdess/audio_speech_actors_01-24\Actor_05\03-01-08-01-02-01-05.wav,8,surprised,1,1,1,5
../data/ravdess/audio_speech_actors_01-24\Actor_05\03-01-08-01-02-02-05.wav,8,surprised,1,1,1,5
../data/ravdess/audio_speech_actors_01-24\Actor_05\03-01-08-02-01-01-05.wav,8,surprised,2,1,1,5
../data/ravdess/audio_speech_actors_01-24\Actor_05\03-01-08-02-01-02-05.wav,8,surprised,2,1,1,5
../data/ravdess/audio_speech_actors_01-24\Actor_05\03-01-08-02-02-01-05.wav,8,surprised,2,1,1,5
../data/ravdess/audio_speech_actors_01-24\Actor_05\03-01-08-02-02-02-05.wav,8,surprised,2,1,1,5
../data/ravdess/audio_speech_actors_01-24\Actor_06\03-01-01-01-01-01-06.wav,1,neutral,1,1,0,6
../data/ravdess/audio_speech_actors_01-24\Actor_06\03-01-01-01-01-02-06.wav,1,neutral,1,1,0,6
../data/ravdess/audio_speech_actors_01-24\Actor_06\03-01-01-01-02-01-06.wav,1,neutral,1,1,0,6
../data/ravdess/audio_speech_actors_01-24\Actor_06\03-01-01-01-02-02-06.wav,1,neutral,1,1,0,6
../data/ravdess/audio_speech_actors_01-24\Actor_06\03-01-02-01-01-01-06.wav,2,calm,1,1,0,6
../data/ravdess/audio_speech_actors_01-24\Actor_06\03-01-02-01-01-02-06.wav,2,calm,1,1,0,6
../data/ravdess/audio_speech_actors_01-24\Actor_06\03-01-02-01-02-01-06.wav,2,calm,1,1,0,6
../data/ravdess/audio_speech_actors_01-24\Actor_06\03-01-02-01-02-02-06.wav,2,calm,1,1,0,6
../data/ravdess/audio_speech_actors_01-24\Actor_06\03-01-02-02-01-01-06.wav,2,calm,2,1,0,6
../data/ravdess/audio_speech_actors_01-24\Actor_06\03-01-02-02-01-02-06.wav,2,calm,2,1,0,6
../data/ravdess/audio_speech_actors_01-24\Actor_06\03-01-02-02-02-01-06.wav,2,calm,2,1,0,6
../data/ravdess/audio_speech_actors_01-24\Actor_06\03-01-02-02-02-02-06.wav,2,calm,2,1,0,6
../data/ravdess/audio_speech_actors_01-24\Actor_06\03-01-03-01-01-01-06.wav,3,happy,1,1,1,6
../data/ravdess/audio_speech_actors_01-24\Actor_06\03-01-03-01-01-02-06.wav,3,happy,1,1,1,6
../data/ravdess/audio_speech_actors_01-24\Actor_06\03-01-03-01-02-01-06.wav,3,happy,1,1,1,6
../data/ravdess/audio_speech_actors_01-24\Actor_06\03-01-03-01-02-02-06.wav,3,happy,1,1,1,6
../data/ravdess/audio_speech_actors_01-24\Actor_06\03-01-03-02-01-01-06.wav,3,happy,2,1,1,6
../data/ravdess/audio_speech_actors_01-24\Actor_06\03-01-03-02-01-02-06.wav,3,happy,2,1,1,6
../data/ravdess/audio_speech_actors_01-24\Actor_06\03-01-03-02-02-01-06.wav,3,happy,2,1,1,6
../data/ravdess/audio_speech_actors_01-24\Actor_06\03-01-03-02-02-02-06.wav,3,happy,2,1,1,6
../data/ravdess/audio_speech_actors_01-24\Actor_06\03-01-04-01-01-01-06.wav,4,sad,1,0,0,6
../data/ravdess/audio_speech_actors_01-24\Actor_06\03-01-04-01-01-02-06.wav,4,sad,1,0,0,6
../data/ravdess/audio_speech_actors_01-24\Actor_06\03-01-04-01-02-01-06.wav,4,sad,1,0,0,6
../data/ravdess/audio_speech_actors_01-24\Actor_06\03-01-04-01-02-02-06.wav,4,sad,1,0,0,6
../data/ravdess/audio_speech_actors_01-24\Actor_06\03-01-04-02-01-01-06.wav,4,sad,2,0,0,6
../data/ravdess/audio_speech_actors_01-24\Actor_06\03-01-04-02-01-02-06.wav,4,sad,2,0,0,6
../data/ravdess/audio_speech_actors_01-24\Actor_06\03-01-04-02-02-01-06.wav,4,sad,2,0,0,6
../data/ravdess/audio_speech_actors_01-24\Actor_06\03-01-04-02-02-02-06.wav,4,sad,2,0,0,6
../data/ravdess/audio_speech_actors_01-24\Actor_06\03-01-05-01-01-01-06.wav,5,angry,1,0,1,6
../data/ravdess/audio_speech_actors_01-24\Actor_06\03-01-05-01-01-02-06.wav,5,angry,1,0,1,6
../data/ravdess/audio_speech_actors_01-24\Actor_06\03-01-05-01-02-01-06.wav,5,angry,1,0,1,6
../data/ravdess/audio_speech_actors_01-24\Actor_06\03-01-05-01-02-02-06.wav,5,angry,1,0,1,6
../data/ravdess/audio_speech_actors_01-24\Actor_06\03-01-05-02-01-01-06.wav,5,angry,2,0,1,6
../data/ravdess/audio_speech_actors_01-24\Actor_06\03-01-05-02-01-02-06.wav,5,angry,2,0,1,6
../data/ravdess/audio_speech_actors_01-24\Actor_06\03-01-05-02-02-01-06.wav,5,angry,2,0,1,6
../data/ravdess/audio_speech_actors_01-24\Actor_06\03-01-05-02-02-02-06.wav,5,angry,2,0,1,6
../data/ravdess/audio_speech_actors_01-24\Actor_06\03-01-06-01-01-01-06.wav,6,fearful,1,0,1,6
../data/ravdess/audio_speech_actors_01-24\Actor_06\03-01-06-01-01-02-06.wav,6,fearful,1,0,1,6
../data/ravdess/audio_speech_actors_01-24\Actor_06\03-01-06-01-02-01-06.wav,6,fearful,1,0,1,6
../data/ravdess/audio_speech_actors_01-24\Actor_06\03-01-06-01-02-02-06.wav,6,fearful,1,0,1,6
../data/ravdess/audio_speech_actors_01-24\Actor_06\03-01-06-02-01-01-06.wav,6,fearful,2,0,1,6
../data/ravdess/audio_speech_actors_01-24\Actor_06\03-01-06-02-01-02-06.wav,6,fearful,2,0,1,6
../data/ravdess/audio_speech_actors_01-24\Actor_06\03-01-06-02-02-01-06.wav,6,fearful,2,0,1,6
../data/ravdess/audio_speech_actors_01-24\Actor_06\03-01-06-02-02-02-06.wav,6,fearful,2,0,1,6
../data/ravdess/audio_speech_actors_01-24\Actor_06\03-01-07-01-01-01-06.wav,7,disgust,1,0,1,6
../data/ravdess/audio_speech_actors_01-24\Actor_06\03-01-07-01-01-02-06.wav,7,disgust,1,0,1,6
../data/ravdess/audio_speech_actors_01-24\Actor_06\03-01-07-01-02-01-06.wav,7,disgust,1,0,1,6
../data/ravdess/audio_speech_actors_01-24\Actor_06\03-01-07-01-02-02-06.wav,7,disgust,1,0,1,6
../data/ravdess/audio_speech_actors_01-24\Actor_06\03-01-07-02-01-01-06.wav,7,disgust,2,0,1,6
../data/ravdess/audio_speech_actors_01-24\Actor_06\03-01-07-02-01-02-06.wav,7,disgust,2,0,1,6
../data/ravdess/audio_speech_actors_01-24\Actor_06\03-01-07-02-02-01-06.wav,7,disgust,2,0,1,6
../data/ravdess/audio_speech_actors_01-24\Actor_06\03-01-07-02-02-02-06.wav,7,disgust,2,0,1,6
../data/ravdess/audio_speech_actors_01-24\Actor_06\03-01-08-01-01-01-06.wav,8,surprised,1,1,1,6
../data/ravdess/audio_speech_actors_01-24\Actor_06\03-01-08-01-01-02-06.wav,8,surprised,1,1,1,6
../data/ravdess/audio_speech_actors_01-24\Actor_06\03-01-08-01-02-01-06.wav,8,surprised,1,1,1,6
../data/ravdess/audio_speech_actors_01-24\Actor_06\03-01-08-01-02-02-06.wav,8,surprised,1,1,1,6
../data/ravdess/audio_speech_actors_01-24\Actor_06\03-01-08-02-01-01-06.wav,8,surprised,2,1,1,6
../data/ravdess/audio_speech_actors_01-24\Actor_06\03-01-08-02-01-02-06.wav,8,surprised,2,1,1,6
../data/ravdess/audio_speech_actors_01-24\Actor_06\03-01-08-02-02-01-06.wav,8,surprised,2,1,1,6
../data/ravdess/audio_speech_actors_01-24\Actor_06\03-01-08-02-02-02-06.wav,8,surprised,2,1,1,6
../data/ravdess/audio_speech_actors_01-24\Actor_07\03-01-01-01-01-01-07.wav,1,neutral,1,1,0,7
../data/ravdess/audio_speech_actors_01-24\Actor_07\03-01-01-01-01-02-07.wav,1,neutral,1,1,0,7
../data/ravdess/audio_speech_actors_01-24\Actor_07\03-01-01-01-02-01-07.wav,1,neutral,1,1,0,7
../data/ravdess/audio_speech_actors_01-24\Actor_07\03-01-01-01-02-02-07.wav,1,neutral,1,1,0,7
../data/ravdess/audio_speech_actors_01-24\Actor_07\03-01-02-01-01-01-07.wav,2,calm,1,1,0,7
../data/ravdess/audio_speech_actors_01-24\Actor_07\03-01-02-01-01-02-07.wav,2,calm,1,1,0,7
../data/ravdess/audio_speech_actors_01-24\Actor_07\03-01-02-01-02-01-07.wav,2,calm,1,1,0,7
../data/ravdess/audio_speech_actors_01-24\Actor_07\03-01-02-01-02-02-07.wav,2,calm,1,1,0,7
../data/ravdess/audio_speech_actors_01-24\Actor_07\03-01-02-02-01-01-07.wav,2,calm,2,1,0,7
../data/ravdess/audio_speech_actors_01-24\Actor_07\03-01-02-02-01-02-07.wav,2,calm,2,1,0,7
../data/ravdess/audio_speech_actors_01-24\Actor_07\03-01-02-02-02-01-07.wav,2,calm,2,1,0,7
../data/ravdess/audio_speech_actors_01-24\Actor_07\03-01-02-02-02-02-07.wav,2,calm,2,1,0,7
../data/ravdess/audio_speech_actors_01-24\Actor_07\03-01-03-01-01-01-07.wav,3,happy,1,1,1,7
../data/ravdess/audio_speech_actors_01-24\Actor_07\03-01-03-01-01-02-07.wav,3,happy,1,1,1,7
../data/ravdess/audio_speech_actors_01-24\Actor_07\03-01-03-01-02-01-07.wav,3,happy,1,1,1,7
../data/ravdess/audio_speech_actors_01-24\Actor_07\03-01-03-01-02-02-07.wav,3,happy,1,1,1,7
../data/ravdess/audio_speech_actors_01-24\Actor_07\03-01-03-02-01-01-07.wav,3,happy,2,1,1,7
../data/ravdess/audio_speech_actors_01-24\Actor_07\03-01-03-02-01-02-07.wav,3,happy,2,1,1,7
../data/ravdess/audio_speech_actors_01-24\Actor_07\03-01-03-02-02-01-07.wav,3,happy,2,1,1,7
../data/ravdess/audio_speech_actors_01-24\Actor_07\03-01-03-02-02-02-07.wav,3,happy,2,1,1,7
../data/ravdess/audio_speech_actors_01-24\Actor_07\03-01-04-01-01-01-07.wav,4,sad,1,0,0,7
../data/ravdess/audio_speech_actors_01-24\Actor_07\03-01-04-01-01-02-07.wav,4,sad,1,0,0,7
../data/ravdess/audio_speech_actors_01-24\Actor_07\03-01-04-01-02-01-07.wav,4,sad,1,0,0,7
../data/ravdess/audio_speech_actors_01-24\Actor_07\03-01-04-01-02-02-07.wav,4,sad,1,0,0,7
../data/ravdess/audio_speech_actors_01-24\Actor_07\03-01-04-02-01-01-07.wav,4,sad,2,0,0,7
../data/ravdess/audio_speech_actors_01-24\Actor_07\03-01-04-02-01-02-07.wav,4,sad,2,0,0,7
../data/ravdess/audio_speech_actors_01-24\Actor_07\03-01-04-02-02-01-07.wav,4,sad,2,0,0,7
../data/ravdess/audio_speech_actors_01-24\Actor_07\03-01-04-02-02-02-07.wav,4,sad,2,0,0,7
../data/ravdess/audio_speech_actors_01-24\Actor_07\03-01-05-01-01-01-07.wav,5,angry,1,0,1,7
../data/ravdess/audio_speech_actors_01-24\Actor_07\03-01-05-01-01-02-07.wav,5,angry,1,0,1,7
../data/ravdess/audio_speech_actors_01-24\Actor_07\03-01-05-01-02-01-07.wav,5,angry,1,0,1,7
../data/ravdess/audio_speech_actors_01-24\Actor_07\03-01-05-01-02-02-07.wav,5,angry,1,0,1,7
../data/ravdess/audio_speech_actors_01-24\Actor_07\03-01-05-02-01-01-07.wav,5,angry,2,0,1,7
../data/ravdess/audio_speech_actors_01-24\Actor_07\03-01-05-02-01-02-07.wav,5,angry,2,0,1,7
../data/ravdess/audio_speech_actors_01-24\Actor_07\03-01-05-02-02-01-07.wav,5,angry,2,0,1,7
../data/ravdess/audio_speech_actors_01-24\Actor_07\03-01-05-02-02-02-07.wav,5,angry,2,0,1,7
../data/ravdess/audio_speech_actors_01-24\Actor_07\03-01-06-01-01-01-07.wav,6,fearful,1,0,1,7
../data/ravdess/audio_speech_actors_01-24\Actor_07\03-01-06-01-01-02-07.wav,6,fearful,1,0,1,7
../data/ravdess/audio_speech_actors_01-24\Actor_07\03-01-06-01-02-01-07.wav,6,fearful,1,0,1,7
../data/ravdess/audio_speech_actors_01-24\Actor_07\03-01-06-01-02-02-07.wav,6,fearful,1,0,1,7
../data/ravdess/audio_speech_actors_01-24\Actor_07\03-01-06-02-01-01-07.wav,6,fearful,2,0,1,7
../data/ravdess/audio_speech_actors_01-24\Actor_07\03-01-06-02-01-02-07.wav,6,fearful,2,0,1,7
../data/ravdess/audio_speech_actors_01-24\Actor_07\03-01-06-02-02-01-07.wav,6,fearful,2,0,1,7
../data/ravdess/audio_speech_actors_01-24\Actor_07\03-01-06-02-02-02-07.wav,6,fearful,2,0,1,7
../data/ravdess/audio_speech_actors_01-24\Actor_07\03-01-07-01-01-01-07.wav,7,disgust,1,0,1,7
../data/ravdess/audio_speech_actors_01-24\Actor_07\03-01-07-01-01-02-07.wav,7,disgust,1,0,1,7
../data/ravdess/audio_speech_actors_01-24\Actor_07\03-01-07-01-02-01-07.wav,7,disgust,1,0,1,7
../data/ravdess/audio_speech_actors_01-24\Actor_07\03-01-07-01-02-02-07.wav,7,disgust,1,0,1,7
../data/ravdess/audio_speech_actors_01-24\Actor_07\03-01-07-02-01-01-07.wav,7,disgust,2,0,1,7
../data/ravdess/audio_speech_actors_01-24\Actor_07\03-01-07-02-01-02-07.wav,7,disgust,2,0,1,7
../data/ravdess/audio_speech_actors_01-24\Actor_07\03-01-07-02-02-01-07.wav,7,disgust,2,0,1,7
../data/ravdess/audio_speech_actors_01-24\Actor_07\03-01-07-02-02-02-07.wav,7,disgust,2,0,1,7
../data/ravdess/audio_speech_actors_01-24\Actor_07\03-01-08-01-01-01-07.wav,8,surprised,1,1,1,7
../data/ravdess/audio_speech_actors_01-24\Actor_07\03-01-08-01-01-02-07.wav,8,surprised,1,1,1,7
../data/ravdess/audio_speech_actors_01-24\Actor_07\03-01-08-01-02-01-07.wav,8,surprised,1,1,1,7
../data/ravdess/audio_speech_actors_01-24\Actor_07\03-01-08-01-02-02-07.wav,8,surprised,1,1,1,7
../data/ravdess/audio_speech_actors_01-24\Actor_07\03-01-08-02-01-01-07.wav,8,surprised,2,1,1,7
../data/ravdess/audio_speech_actors_01-24\Actor_07\03-01-08-02-01-02-07.wav,8,surprised,2,1,1,7
../data/ravdess/audio_speech_actors_01-24\Actor_07\03-01-08-02-02-01-07.wav,8,surprised,2,1,1,7
../data/ravdess/audio_speech_actors_01-24\Actor_07\03-01-08-02-02-02-07.wav,8,surprised,2,1,1,7
../data/ravdess/audio_speech_actors_01-24\Actor_08\03-01-01-01-01-01-08.wav,1,neutral,1,1,0,8
../data/ravdess/audio_speech_actors_01-24\Actor_08\03-01-01-01-01-02-08.wav,1,neutral,1,1,0,8
../data/ravdess/audio_speech_actors_01-24\Actor_08\03-01-01-01-02-01-08.wav,1,neutral,1,1,0,8
../data/ravdess/audio_speech_actors_01-24\Actor_08\03-01-01-01-02-02-08.wav,1,neutral,1,1,0,8
../data/ravdess/audio_speech_actors_01-24\Actor_08\03-01-02-01-01-01-08.wav,2,calm,1,1,0,8
../data/ravdess/audio_speech_actors_01-24\Actor_08\03-01-02-01-01-02-08.wav,2,calm,1,1,0,8
../data/ravdess/audio_speech_actors_01-24\Actor_08\03-01-02-01-02-01-08.wav,2,calm,1,1,0,8
../data/ravdess/audio_speech_actors_01-24\Actor_08\03-01-02-01-02-02-08.wav,2,calm,1,1,0,8
../data/ravdess/audio_speech_actors_01-24\Actor_08\03-01-02-02-01-01-08.wav,2,calm,2,1,0,8
../data/ravdess/audio_speech_actors_01-24\Actor_08\03-01-02-02-01-02-08.wav,2,calm,2,1,0,8
../data/ravdess/audio_speech_actors_01-24\Actor_08\03-01-02-02-02-01-08.wav,2,calm,2,1,0,8
../data/ravdess/audio_speech_actors_01-24\Actor_08\03-01-02-02-02-02-08.wav,2,calm,2,1,0,8
../data/ravdess/audio_speech_actors_01-24\Actor_08\03-01-03-01-01-01-08.wav,3,happy,1,1,1,8
../data/ravdess/audio_speech_actors_01-24\Actor_08\03-01-03-01-01-02-08.wav,3,happy,1,1,1,8
../data/ravdess/audio_speech_actors_01-24\Actor_08\03-01-03-01-02-01-08.wav,3,happy,1,1,1,8
../data/ravdess/audio_speech_actors_01-24\Actor_08\03-01-03-01-02-02-08.wav,3,happy,1,1,1,8
../data/ravdess/audio_speech_actors_01-24\Actor_08\03-01-03-02-01-01-08.wav,3,happy,2,1,1,8
../data/ravdess/audio_speech_actors_01-24\Actor_08\03-01-03-02-01-02-08.wav,3,happy,2,1,1,8
../data/ravdess/audio_speech_actors_01-24\Actor_08\03-01-03-02-02-01-08.wav,3,happy,2,1,1,8
../data/ravdess/audio_speech_actors_01-24\Actor_08\03-01-03-02-02-02-08.wav,3,happy,2,1,1,8
../data/ravdess/audio_speech_actors_01-24\Actor_08\03-01-04-01-01-01-08.wav,4,sad,1,0,0,8
../data/ravdess/audio_speech_actors_01-24\Actor_08\03-01-04-01-01-02-08.wav,4,sad,1,0,0,8
../data/ravdess/audio_speech_actors_01-24\Actor_08\03-01-04-01-02-01-08.wav,4,sad,1,0,0,8
../data/ravdess/audio_speech_actors_01-24\Actor_08\03-01-04-01-02-02-08.wav,4,sad,1,0,0,8
../data/ravdess/audio_speech_actors_01-24\Actor_08\03-01-04-02-01-01-08.wav,4,sad,2,0,0,8
../data/ravdess/audio_speech_actors_01-24\Actor_08\03-01-04-02-01-02-08.wav,4,sad,2,0,0,8
../data/ravdess/audio_speech_actors_01-24\Actor_08\03-01-04-02-02-01-08.wav,4,sad,2,0,0,8
../data/ravdess/audio_speech_actors_01-24\Actor_08\03-01-04-02-02-02-08.wav,4,sad,2,0,0,8
../data/ravdess/audio_speech_actors_01-24\Actor_08\03-01-05-01-01-01-08.wav,5,angry,1,0,1,8
../data/ravdess/audio_speech_actors_01-24\Actor_08\03-01-05-01-01-02-08.wav,5,angry,1,0,1,8
../data/ravdess/audio_speech_actors_01-24\Actor_08\03-01-05-01-02-01-08.wav,5,angry,1,0,1,8
../data/ravdess/audio_speech_actors_01-24\Actor_08\03-01-05-01-02-02-08.wav,5,angry,1,0,1,8
../data/ravdess/audio_speech_actors_01-24\Actor_08\03-01-05-02-01-01-08.wav,5,angry,2,0,1,8
../data/ravdess/audio_speech_actors_01-24\Actor_08\03-01-05-02-01-02-08.wav,5,angry,2,0,1,8
../data/ravdess/audio_speech_actors_01-24\Actor_08\03-01-05-02-02-01-08.wav,5,angry,2,0,1,8
../data/ravdess/audio_speech_actors_01-24\Actor_08\03-01-05-02-02-02-08.wav,5,angry,2,0,1,8
../data/ravdess/audio_speech_actors_01-24\Actor_08\03-01-06-01-01-01-08.wav,6,fearful,1,0,1,8
../data/ravdess/audio_speech_actors_01-24\Actor_08\03-01-06-01-01-02-08.wav,6,fearful,1,0,1,8
../data/ravdess/audio_speech_actors_01-24\Actor_08\03-01-06-01-02-01-08.wav,6,fearful,1,0,1,8
../data/ravdess/audio_speech_actors_01-24\Actor_08\03-01-06-01-02-02-08.wav,6,fearful,1,0,1,8
../data/ravdess/audio_speech_actors_01-24\Actor_08\03-01-06-02-01-01-08.wav,6,fearful,2,0,1,8
../data/ravdess/audio_speech_actors_01-24\Actor_08\03-01-06-02-01-02-08.wav,6,fearful,2,0,1,8
../data/ravdess/audio_speech_actors_01-24\Actor_08\03-01-06-02-02-01-08.wav,6,fearful,2,0,1,8
../data/ravdess/audio_speech_actors_01-24\Actor_08\03-01-06-02-02-02-08.wav,6,fearful,2,0,1,8
../data/ravdess/audio_speech_actors_01-24\Actor_08\03-01-07-01-01-01-08.wav,7,disgust,1,0,1,8
../data/ravdess/audio_speech_actors_01-24\Actor_08\03-01-07-01-01-02-08.wav,7,disgust,1,0,1,8
../data/ravdess/audio_speech_actors_01-24\Actor_08\03-01-07-01-02-01-08.wav,7,disgust,1,0,1,8
../data/ravdess/audio_speech_actors_01-24\Actor_08\03-01-07-01-02-02-08.wav,7,disgust,1,0,1,8
../data/ravdess/audio_speech_actors_01-24\Actor_08\03-01-07-02-01-01-08.wav,7,disgust,2,0,1,8
../data/ravdess/audio_speech_actors_01-24\Actor_08\03-01-07-02-01-02-08.wav,7,disgust,2,0,1,8
../data/ravdess/audio_speech_actors_01-24\Actor_08\03-01-07-02-02-01-08.wav,7,disgust,2,0,1,8
../data/ravdess/audio_speech_actors_01-24\Actor_08\03-01-07-02-02-02-08.wav,7,disgust,2,0,1,8
../data/ravdess/audio_speech_actors_01-24\Actor_08\03-01-08-01-01-01-08.wav,8,surprised,1,1,1,8
../data/ravdess/audio_speech_actors_01-24\Actor_08\03-01-08-01-01-02-08.wav,8,surprised,1,1,1,8
../data/ravdess/audio_speech_actors_01-24\Actor_08\03-01-08-01-02-01-08.wav,8,surprised,1,1,1,8
../data/ravdess/audio_speech_actors_01-24\Actor_08\03-01-08-01-02-02-08.wav,8,surprised,1,1,1,8
../data/ravdess/audio_speech_actors_01-24\Actor_08\03-01-08-02-01-01-08.wav,8,surprised,2,1,1,8
../data/ravdess/audio_speech_actors_01-24\Actor_08\03-01-08-02-01-02-08.wav,8,surprised,2,1,1,8
../data/ravdess/audio_speech_actors_01-24\Actor_08\03-01-08-02-02-01-08.wav,8,surprised,2,1,1,8
../data/ravdess/audio_speech_actors_01-24\Actor_08\03-01-08-02-02-02-08.wav,8,surprised,2,1,1,8
../data/ravdess/audio_speech_actors_01-24\Actor_09\03-01-01-01-01-01-09.wav,1,neutral,1,1,0,9
../data/ravdess/audio_speech_actors_01-24\Actor_09\03-01-01-01-01-02-09.wav,1,neutral,1,1,0,9
../data/ravdess/audio_speech_actors_01-24\Actor_09\03-01-01-01-02-01-09.wav,1,neutral,1,1,0,9
../data/ravdess/audio_speech_actors_01-24\Actor_09\03-01-01-01-02-02-09.wav,1,neutral,1,1,0,9
../data/ravdess/audio_speech_actors_01-24\Actor_09\03-01-02-01-01-01-09.wav,2,calm,1,1,0,9
../data/ravdess/audio_speech_actors_01-24\Actor_09\03-01-02-01-01-02-09.wav,2,calm,1,1,0,9
../data/ravdess/audio_speech_actors_01-24\Actor_09\03-01-02-01-02-01-09.wav,2,calm,1,1,0,9
../data/ravdess/audio_speech_actors_01-24\Actor_09\03-01-02-01-02-02-09.wav,2,calm,1,1,0,9
../data/ravdess/audio_speech_actors_01-24\Actor_09\03-01-02-02-01-01-09.wav,2,calm,2,1,0,9
../data/ravdess/audio_speech_actors_01-24\Actor_09\03-01-02-02-01-02-09.wav,2,calm,2,1,0,9
../data/ravdess/audio_speech_actors_01-24\Actor_09\03-01-02-02-02-01-09.wav,2,calm,2,1,0,9
../data/ravdess/audio_speech_actors_01-24\Actor_09\03-01-02-02-02-02-09.wav,2,calm,2,1,0,9
../data/ravdess/audio_speech_actors_01-24\Actor_09\03-01-03-01-01-01-09.wav,3,happy,1,1,1,9
../data/ravdess/audio_speech_actors_01-24\Actor_09\03-01-03-01-01-02-09.wav,3,happy,1,1,1,9
../data/ravdess/audio_speech_actors_01-24\Actor_09\03-01-03-01-02-01-09.wav,3,happy,1,1,1,9
../data/ravdess/audio_speech_actors_01-24\Actor_09\03-01-03-01-02-02-09.wav,3,happy,1,1,1,9
../data/ravdess/audio_speech_actors_01-24\Actor_09\03-01-03-02-01-01-09.wav,3,happy,2,1,1,9
../data/ravdess/audio_speech_actors_01-24\Actor_09\03-01-03-02-01-02-09.wav,3,happy,2,1,1,9
../data/ravdess/audio_speech_actors_01-24\Actor_09\03-01-03-02-02-01-09.wav,3,happy,2,1,1,9
../data/ravdess/audio_speech_actors_01-24\Actor_09\03-01-03-02-02-02-09.wav,3,happy,2,1,1,9
../data/ravdess/audio_speech_actors_01-24\Actor_09\03-01-04-01-01-01-09.wav,4,sad,1,0,0,9
../data/ravdess/audio_speech_actors_01-24\Actor_09\03-01-04-01-01-02-09.wav,4,sad,1,0,0,9
../data/ravdess/audio_speech_actors_01-24\Actor_09\03-01-04-01-02-01-09.wav,4,sad,1,0,0,9
../data/ravdess/audio_speech_actors_01-24\Actor_09\03-01-04-01-02-02-09.wav,4,sad,1,0,0,9
../data/ravdess/audio_speech_actors_01-24\Actor_09\03-01-04-02-01-01-09.wav,4,sad,2,0,0,9
../data/ravdess/audio_speech_actors_01-24\Actor_09\03-01-04-02-01-02-09.wav,4,sad,2,0,0,9
../data/ravdess/audio_speech_actors_01-24\Actor_09\03-01-04-02-02-01-09.wav,4,sad,2,0,0,9
../data/ravdess/audio_speech_actors_01-24\Actor_09\03-01-04-02-02-02-09.wav,4,sad,2,0,0,9
../data/ravdess/audio_speech_actors_01-24\Actor_09\03-01-05-01-01-01-09.wav,5,angry,1,0,1,9
../data/ravdess/audio_speech_actors_01-24\Actor_09\03-01-05-01-01-02-09.wav,5,angry,1,0,1,9
../data/ravdess/audio_speech_actors_01-24\Actor_09\03-01-05-01-02-01-09.wav,5,angry,1,0,1,9
../data/ravdess/audio_speech_actors_01-24\Actor_09\03-01-05-01-02-02-09.wav,5,angry,1,0,1,9
../data/ravdess/audio_speech_actors_01-24\Actor_09\03-01-05-02-01-01-09.wav,5,angry,2,0,1,9
../data/ravdess/audio_speech_actors_01-24\Actor_09\03-01-05-02-01-02-09.wav,5,angry,2,0,1,9
../data/ravdess/audio_speech_actors_01-24\Actor_09\03-01-05-02-02-01-09.wav,5,angry,2,0,1,9
../data/ravdess/audio_speech_actors_01-24\Actor_09\03-01-05-02-02-02-09.wav,5,angry,2,0,1,9
../data/ravdess/audio_speech_actors_01-24\Actor_09\03-01-06-01-01-01-09.wav,6,fearful,1,0,1,9
../data/ravdess/audio_speech_actors_01-24\Actor_09\03-01-06-01-01-02-09.wav,6,fearful,1,0,1,9
../data/ravdess/audio_speech_actors_01-24\Actor_09\03-01-06-01-02-01-09.wav,6,fearful,1,0,1,9
../data/ravdess/audio_speech_actors_01-24\Actor_09\03-01-06-01-02-02-09.wav,6,fearful,1,0,1,9
../data/ravdess/audio_speech_actors_01-24\Actor_09\03-01-06-02-01-01-09.wav,6,fearful,2,0,1,9
../data/ravdess/audio_speech_actors_01-24\Actor_09\03-01-06-02-01-02-09.wav,6,fearful,2,0,1,9
../data/ravdess/audio_speech_actors_01-24\Actor_09\03-01-06-02-02-01-09.wav,6,fearful,2,0,1,9
../data/ravdess/audio_speech_actors_01-24\Actor_09\03-01-06-02-02-02-09.wav,6,fearful,2,0,1,9
../data/ravdess/audio_speech_actors_01-24\Actor_09\03-01-07-01-01-01-09.wav,7,disgust,1,0,1,9
../data/ravdess/audio_speech_actors_01-24\Actor_09\03-01-07-01-01-02-09.wav,7,disgust,1,0,1,9
../data/ravdess/audio_speech_actors_01-24\Actor_09\03-01-07-01-02-01-09.wav,7,disgust,1,0,1,9
../data/ravdess/audio_speech_actors_01-24\Actor_09\03-01-07-01-02-02-09.wav,7,disgust,1,0,1,9
../data/ravdess/audio_speech_actors_01-24\Actor_09\03-01-07-02-01-01-09.wav,7,disgust,2,0,1,9
../data/ravdess/audio_speech_actors_01-24\Actor_09\03-01-07-02-01-02-09.wav,7,disgust,2,0,1,9
../data/ravdess/audio_speech_actors_01-24\Actor_09\03-01-07-02-02-01-09.wav,7,disgust,2,0,1,9
../data/ravdess/audio_speech_actors_01-24\Actor_09\03-01-07-02-02-02-09.wav,7,disgust,2,0,1,9
../data/ravdess/audio_speech_actors_01-24\Actor_09\03-01-08-01-01-01-09.wav,8,surprised,1,1,1,9
../data/ravdess/audio_speech_actors_01-24\Actor_09\03-01-08-01-01-02-09.wav,8,surprised,1,1,1,9
../data/ravdess/audio_speech_actors_01-24\Actor_09\03-01-08-01-02-01-09.wav,8,surprised,1,1,1,9
../data/ravdess/audio_speech_actors_01-24\Actor_09\03-01-08-01-02-02-09.wav,8,surprised,1,1,1,9
../data/ravdess/audio_speech_actors_01-24\Actor_09\03-01-08-02-01-01-09.wav,8,surprised,2,1,1,9
../data/ravdess/audio_speech_actors_01-24\Actor_09\03-01-08-02-01-02-09.wav,8,surprised,2,1,1,9
../data/ravdess/audio_speech_actors_01-24\Actor_09\03-01-08-02-02-01-09.wav,8,surprised,2,1,1,9
../data/ravdess/audio_speech_actors_01-24\Actor_09\03-01-08-02-02-02-09.wav,8,surprised,2,1,1,9
../data/ravdess/audio_speech_actors_01-24\Actor_10\03-01-01-01-01-01-10.wav,1,neutral,1,1,0,10
../data/ravdess/audio_speech_actors_01-24\Actor_10\03-01-01-01-01-02-10.wav,1,neutral,1,1,0,10
../data/ravdess/audio_speech_actors_01-24\Actor_10\03-01-01-01-02-01-10.wav,1,neutral,1,1,0,10
../data/ravdess/audio_speech_actors_01-24\Actor_10\03-01-01-01-02-02-10.wav,1,neutral,1,1,0,10
../data/ravdess/audio_speech_actors_01-24\Actor_10\03-01-02-01-01-01-10.wav,2,calm,1,1,0,10
../data/ravdess/audio_speech_actors_01-24\Actor_10\03-01-02-01-01-02-10.wav,2,calm,1,1,0,10
../data/ravdess/audio_speech_actors_01-24\Actor_10\03-01-02-01-02-01-10.wav,2,calm,1,1,0,10
../data/ravdess/audio_speech_actors_01-24\Actor_10\03-01-02-01-02-02-10.wav,2,calm,1,1,0,10
../data/ravdess/audio_speech_actors_01-24\Actor_10\03-01-02-02-01-01-10.wav,2,calm,2,1,0,10
../data/ravdess/audio_speech_actors_01-24\Actor_10\03-01-02-02-01-02-10.wav,2,calm,2,1,0,10
../data/ravdess/audio_speech_actors_01-24\Actor_10\03-01-02-02-02-01-10.wav,2,calm,2,1,0,10
../data/ravdess/audio_speech_actors_01-24\Actor_10\03-01-02-02-02-02-10.wav,2,calm,2,1,0,10
../data/ravdess/audio_speech_actors_01-24\Actor_10\03-01-03-01-01-01-10.wav,3,happy,1,1,1,10
../data/ravdess/audio_speech_actors_01-24\Actor_10\03-01-03-01-01-02-10.wav,3,happy,1,1,1,10
../data/ravdess/audio_speech_actors_01-24\Actor_10\03-01-03-01-02-01-10.wav,3,happy,1,1,1,10
../data/ravdess/audio_speech_actors_01-24\Actor_10\03-01-03-01-02-02-10.wav,3,happy,1,1,1,10
../data/ravdess/audio_speech_actors_01-24\Actor_10\03-01-03-02-01-01-10.wav,3,happy,2,1,1,10
../data/ravdess/audio_speech_actors_01-24\Actor_10\03-01-03-02-01-02-10.wav,3,happy,2,1,1,10
../data/ravdess/audio_speech_actors_01-24\Actor_10\03-01-03-02-02-01-10.wav,3,happy,2,1,1,10
../data/ravdess/audio_speech_actors_01-24\Actor_10\03-01-03-02-02-02-10.wav,3,happy,2,1,1,10
../data/ravdess/audio_speech_actors_01-24\Actor_10\03-01-04-01-01-01-10.wav,4,sad,1,0,0,10
../data/ravdess/audio_speech_actors_01-24\Actor_10\03-01-04-01-01-02-10.wav,4,sad,1,0,0,10
../data/ravdess/audio_speech_actors_01-24\Actor_10\03-01-04-01-02-01-10.wav,4,sad,1,0,0,10
../data/ravdess/audio_speech_actors_01-24\Actor_10\03-01-04-01-02-02-10.wav,4,sad,1,0,0,10
../data/ravdess/audio_speech_actors_01-24\Actor_10\03-01-04-02-01-01-10.wav,4,sad,2,0,0,10
../data/ravdess/audio_speech_actors_01-24\Actor_10\03-01-04-02-01-02-10.wav,4,sad,2,0,0,10
../data/ravdess/audio_speech_actors_01-24\Actor_10\03-01-04-02-02-01-10.wav,4,sad,2,0,0,10
../data/ravdess/audio_speech_actors_01-24\Actor_10\03-01-04-02-02-02-10.wav,4,sad,2,0,0,10
../data/ravdess/audio_speech_actors_01-24\Actor_10\03-01-05-01-01-01-10.wav,5,angry,1,0,1,10
../data/ravdess/audio_speech_actors_01-24\Actor_10\03-01-05-01-01-02-10.wav,5,angry,1,0,1,10
../data/ravdess/audio_speech_actors_01-24\Actor_10\03-01-05-01-02-01-10.wav,5,angry,1,0,1,10
../data/ravdess/audio_speech_actors_01-24\Actor_10\03-01-05-01-02-02-10.wav,5,angry,1,0,1,10
../data/ravdess/audio_speech_actors_01-24\Actor_10\03-01-05-02-01-01-10.wav,5,angry,2,0,1,10
../data/ravdess/audio_speech_actors_01-24\Actor_10\03-01-05-02-01-02-10.wav,5,angry,2,0,1,10
../data/ravdess/audio_speech_actors_01-24\Actor_10\03-01-05-02-02-01-10.wav,5,angry,2,0,1,10
../data/ravdess/audio_speech_actors_01-24\Actor_10\03-01-05-02-02-02-10.wav,5,angry,2,0,1,10
../data/ravdess/audio_speech_actors_01-24\Actor_10\03-01-06-01-01-01-10.wav,6,fearful,1,0,1,10
../data/ravdess/audio_speech_actors_01-24\Actor_10\03-01-06-01-01-02-10.wav,6,fearful,1,0,1,10
../data/ravdess/audio_speech_actors_01-24\Actor_10\03-01-06-01-02-01-10.wav,6,fearful,1,0,1,10
../data/ravdess/audio_speech_actors_01-24\Actor_10\03-01-06-01-02-02-10.wav,6,fearful,1,0,1,10
../data/ravdess/audio_speech_actors_01-24\Actor_10\03-01-06-02-01-01-10.wav,6,fearful,2,0,1,10
../data/ravdess/audio_speech_actors_01-24\Actor_10\03-01-06-02-01-02-10.wav,6,fearful,2,0,1,10
../data/ravdess/audio_speech_actors_01-24\Actor_10\03-01-06-02-02-01-10.wav,6,fearful,2,0,1,10
../data/ravdess/audio_speech_actors_01-24\Actor_10\03-01-06-02-02-02-10.wav,6,fearful,2,0,1,10
../data/ravdess/audio_speech_actors_01-24\Actor_10\03-01-07-01-01-01-10.wav,7,disgust,1,0,1,10
../data/ravdess/audio_speech_actors_01-24\Actor_10\03-01-07-01-01-02-10.wav,7,disgust,1,0,1,10
../data/ravdess/audio_speech_actors_01-24\Actor_10\03-01-07-01-02-01-10.wav,7,disgust,1,0,1,10
../data/ravdess/audio_speech_actors_01-24\Actor_10\03-01-07-01-02-02-10.wav,7,disgust,1,0,1,10
../data/ravdess/audio_speech_actors_01-24\Actor_10\03-01-07-02-01-01-10.wav,7,disgust,2,0,1,10
../data/ravdess/audio_speech_actors_01-24\Actor_10\03-01-07-02-01-02-10.wav,7,disgust,2,0,1,10
../data/ravdess/audio_speech_actors_01-24\Actor_10\03-01-07-02-02-01-10.wav,7,disgust,2,0,1,10
../data/ravdess/audio_speech_actors_01-24\Actor_10\03-01-07-02-02-02-10.wav,7,disgust,2,0,1,10
../data/ravdess/audio_speech_actors_01-24\Actor_10\03-01-08-01-01-01-10.wav,8,surprised,1,1,1,10
../data/ravdess/audio_speech_actors_01-24\Actor_10\03-01-08-01-01-02-10.wav,8,surprised,1,1,1,10
../data/ravdess/audio_speech_actors_01-24\Actor_10\03-01-08-01-02-01-10.wav,8,surprised,1,1,1,10
../data/ravdess/audio_speech_actors_01-24\Actor_10\03-01-08-01-02-02-10.wav,8,surprised,1,1,1,10
../data/ravdess/audio_speech_actors_01-24\Actor_10\03-01-08-02-01-01-10.wav,8,surprised,2,1,1,10
../data/ravdess/audio_speech_actors_01-24\Actor_10\03-01-08-02-01-02-10.wav,8,surprised,2,1,1,10
../data/ravdess/audio_speech_actors_01-24\Actor_10\03-01-08-02-02-01-10.wav,8,surprised,2,1,1,10
../data/ravdess/audio_speech_actors_01-24\Actor_10\03-01-08-02-02-02-10.wav,8,surprised,2,1,1,10
../data/ravdess/audio_speech_actors_01-24\Actor_11\03-01-01-01-01-01-11.wav,1,neutral,1,1,0,11
../data/ravdess/audio_speech_actors_01-24\Actor_11\03-01-01-01-01-02-11.wav,1,neutral,1,1,0,11
../data/ravdess/audio_speech_actors_01-24\Actor_11\03-01-01-01-02-01-11.wav,1,neutral,1,1,0,11
../data/ravdess/audio_speech_actors_01-24\Actor_11\03-01-01-01-02-02-11.wav,1,neutral,1,1,0,11
../data/ravdess/audio_speech_actors_01-24\Actor_11\03-01-02-01-01-01-11.wav,2,calm,1,1,0,11
../data/ravdess/audio_speech_actors_01-24\Actor_11\03-01-02-01-01-02-11.wav,2,calm,1,1,0,11
../data/ravdess/audio_speech_actors_01-24\Actor_11\03-01-02-01-02-01-11.wav,2,calm,1,1,0,11
../data/ravdess/audio_speech_actors_01-24\Actor_11\03-01-02-01-02-02-11.wav,2,calm,1,1,0,11
../data/ravdess/audio_speech_actors_01-24\Actor_11\03-01-02-02-01-01-11.wav,2,calm,2,1,0,11
../data/ravdess/audio_speech_actors_01-24\Actor_11\03-01-02-02-01-02-11.wav,2,calm,2,1,0,11
../data/ravdess/audio_speech_actors_01-24\Actor_11\03-01-02-02-02-01-11.wav,2,calm,2,1,0,11
../data/ravdess/audio_speech_actors_01-24\Actor_11\03-01-02-02-02-02-11.wav,2,calm,2,1,0,11
../data/ravdess/audio_speech_actors_01-24\Actor_11\03-01-03-01-01-01-11.wav,3,happy,1,1,1,11
../data/ravdess/audio_speech_actors_01-24\Actor_11\03-01-03-01-01-02-11.wav,3,happy,1,1,1,11
../data/ravdess/audio_speech_actors_01-24\Actor_11\03-01-03-01-02-01-11.wav,3,happy,1,1,1,11
../data/ravdess/audio_speech_actors_01-24\Actor_11\03-01-03-01-02-02-11.wav,3,happy,1,1,1,11
../data/ravdess/audio_speech_actors_01-24\Actor_11\03-01-03-02-01-01-11.wav,3,happy,2,1,1,11
../data/ravdess/audio_speech_actors_01-24\Actor_11\03-01-03-02-01-02-11.wav,3,happy,2,1,1,11
../data/ravdess/audio_speech_actors_01-24\Actor_11\03-01-03-02-02-01-11.wav,3,happy,2,1,1,11
../data/ravdess/audio_speech_actors_01-24\Actor_11\03-01-03-02-02-02-11.wav,3,happy,2,1,1,11
../data/ravdess/audio_speech_actors_01-24\Actor_11\03-01-04-01-01-01-11.wav,4,sad,1,0,0,11
../data/ravdess/audio_speech_actors_01-24\Actor_11\03-01-04-01-01-02-11.wav,4,sad,1,0,0,11
../data/ravdess/audio_speech_actors_01-24\Actor_11\03-01-04-01-02-01-11.wav,4,sad,1,0,0,11
../data/ravdess/audio_speech_actors_01-24\Actor_11\03-01-04-01-02-02-11.wav,4,sad,1,0,0,11
../data/ravdess/audio_speech_actors_01-24\Actor_11\03-01-04-02-01-01-11.wav,4,sad,2,0,0,11
../data/ravdess/audio_speech_actors_01-24\Actor_11\03-01-04-02-01-02-11.wav,4,sad,2,0,0,11
../data/ravdess/audio_speech_actors_01-24\Actor_11\03-01-04-02-02-01-11.wav,4,sad,2,0,0,11
../data/ravdess/audio_speech_actors_01-24\Actor_11\03-01-04-02-02-02-11.wav,4,sad,2,0,0,11
../data/ravdess/audio_speech_actors_01-24\Actor_11\03-01-05-01-01-01-11.wav,5,angry,1,0,1,11
../data/ravdess/audio_speech_actors_01-24\Actor_11\03-01-05-01-01-02-11.wav,5,angry,1,0,1,11
../data/ravdess/audio_speech_actors_01-24\Actor_11\03-01-05-01-02-01-11.wav,5,angry,1,0,1,11
../data/ravdess/audio_speech_actors_01-24\Actor_11\03-01-05-01-02-02-11.wav,5,angry,1,0,1,11
../data/ravdess/audio_speech_actors_01-24\Actor_11\03-01-05-02-01-01-11.wav,5,angry,2,0,1,11
../data/ravdess/audio_speech_actors_01-24\Actor_11\03-01-05-02-01-02-11.wav,5,angry,2,0,1,11
../data/ravdess/audio_speech_actors_01-24\Actor_11\03-01-05-02-02-01-11.wav,5,angry,2,0,1,11
../data/ravdess/audio_speech_actors_01-24\Actor_11\03-01-05-02-02-02-11.wav,5,angry,2,0,1,11
../data/ravdess/audio_speech_actors_01-24\Actor_11\03-01-06-01-01-01-11.wav,6,fearful,1,0,1,11
../data/ravdess/audio_speech_actors_01-24\Actor_11\03-01-06-01-01-02-11.wav,6,fearful,1,0,1,11
../data/ravdess/audio_speech_actors_01-24\Actor_11\03-01-06-01-02-01-11.wav,6,fearful,1,0,1,11
../data/ravdess/audio_speech_actors_01-24\Actor_11\03-01-06-01-02-02-11.wav,6,fearful,1,0,1,11
../data/ravdess/audio_speech_actors_01-24\Actor_11\03-01-06-02-01-01-11.wav,6,fearful,2,0,1,11
../data/ravdess/audio_speech_actors_01-24\Actor_11\03-01-06-02-01-02-11.wav,6,fearful,2,0,1,11
../data/ravdess/audio_speech_actors_01-24\Actor_11\03-01-06-02-02-01-11.wav,6,fearful,2,0,1,11
../data/ravdess/audio_speech_actors_01-24\Actor_11\03-01-06-02-02-02-11.wav,6,fearful,2,0,1,11
../data/ravdess/audio_speech_actors_01-24\Actor_11\03-01-07-01-01-01-11.wav,7,disgust,1,0,1,11
../data/ravdess/audio_speech_actors_01-24\Actor_11\03-01-07-01-01-02-11.wav,7,disgust,1,0,1,11
../data/ravdess/audio_speech_actors_01-24\Actor_11\03-01-07-01-02-01-11.wav,7,disgust,1,0,1,11
../data/ravdess/audio_speech_actors_01-24\Actor_11\03-01-07-01-02-02-11.wav,7,disgust,1,0,1,11
../data/ravdess/audio_speech_actors_01-24\Actor_11\03-01-07-02-01-01-11.wav,7,disgust,2,0,1,11
../data/ravdess/audio_speech_actors_01-24\Actor_11\03-01-07-02-01-02-11.wav,7,disgust,2,0,1,11
../data/ravdess/audio_speech_actors_01-24\Actor_11\03-01-07-02-02-01-11.wav,7,disgust,2,0,1,11
../data/ravdess/audio_speech_actors_01-24\Actor_11\03-01-07-02-02-02-11.wav,7,disgust,2,0,1,11
../data/ravdess/audio_speech_actors_01-24\Actor_11\03-01-08-01-01-01-11.wav,8,surprised,1,1,1,11
../data/ravdess/audio_speech_actors_01-24\Actor_11\03-01-08-01-01-02-11.wav,8,surprised,1,1,1,11
../data/ravdess/audio_speech_actors_01-24\Actor_11\03-01-08-01-02-01-11.wav,8,surprised,1,1,1,11
../data/ravdess/audio_speech_actors_01-24\Actor_11\03-01-08-01-02-02-11.wav,8,surprised,1,1,1,11
../data/ravdess/audio_speech_actors_01-24\Actor_11\03-01-08-02-01-01-11.wav,8,surprised,2,1,1,11
../data/ravdess/audio_speech_actors_01-24\Actor_11\03-01-08-02-01-02-11.wav,8,surprised,2,1,1,11
../data/ravdess/audio_speech_actors_01-24\Actor_11\03-01-08-02-02-01-11.wav,8,surprised,2,1,1,11
../data/ravdess/audio_speech_actors_01-24\Actor_11\03-01-08-02-02-02-11.wav,8,surprised,2,1,1,11
../data/ravdess/audio_speech_actors_01-24\Actor_12\03-01-01-01-01-01-12.wav,1,neutral,1,1,0,12
../data/ravdess/audio_speech_actors_01-24\Actor_12\03-01-01-01-01-02-12.wav,1,neutral,1,1,0,12
../data/ravdess/audio_speech_actors_01-24\Actor_12\03-01-01-01-02-01-12.wav,1,neutral,1,1,0,12
../data/ravdess/audio_speech_actors_01-24\Actor_12\03-01-01-01-02-02-12.wav,1,neutral,1,1,0,12
../data/ravdess/audio_speech_actors_01-24\Actor_12\03-01-02-01-01-01-12.wav,2,calm,1,1,0,12
../data/ravdess/audio_speech_actors_01-24\Actor_12\03-01-02-01-01-02-12.wav,2,calm,1,1,0,12
../data/ravdess/audio_speech_actors_01-24\Actor_12\03-01-02-01-02-01-12.wav,2,calm,1,1,0,12
../data/ravdess/audio_speech_actors_01-24\Actor_12\03-01-02-01-02-02-12.wav,2,calm,1,1,0,12
../data/ravdess/audio_speech_actors_01-24\Actor_12\03-01-02-02-01-01-12.wav,2,calm,2,1,0,12
../data/ravdess/audio_speech_actors_01-24\Actor_12\03-01-02-02-01-02-12.wav,2,calm,2,1,0,12
../data/ravdess/audio_speech_actors_01-24\Actor_12\03-01-02-02-02-01-12.wav,2,calm,2,1,0,12
../data/ravdess/audio_speech_actors_01-24\Actor_12\03-01-02-02-02-02-12.wav,2,calm,2,1,0,12
../data/ravdess/audio_speech_actors_01-24\Actor_12\03-01-03-01-01-01-12.wav,3,happy,1,1,1,12
../data/ravdess/audio_speech_actors_01-24\Actor_12\03-01-03-01-01-02-12.wav,3,happy,1,1,1,12
../data/ravdess/audio_speech_actors_01-24\Actor_12\03-01-03-01-02-01-12.wav,3,happy,1,1,1,12
../data/ravdess/audio_speech_actors_01-24\Actor_12\03-01-03-01-02-02-12.wav,3,happy,1,1,1,12
../data/ravdess/audio_speech_actors_01-24\Actor_12\03-01-03-02-01-01-12.wav,3,happy,2,1,1,12
../data/ravdess/audio_speech_actors_01-24\Actor_12\03-01-03-02-01-02-12.wav,3,happy,2,1,1,12
../data/ravdess/audio_speech_actors_01-24\Actor_12\03-01-03-02-02-01-12.wav,3,happy,2,1,1,12
../data/ravdess/audio_speech_actors_01-24\Actor_12\03-01-03-02-02-02-12.wav,3,happy,2,1,1,12
../data/ravdess/audio_speech_actors_01-24\Actor_12\03-01-04-01-01-01-12.wav,4,sad,1,0,0,12
../data/ravdess/audio_speech_actors_01-24\Actor_12\03-01-04-01-01-02-12.wav,4,sad,1,0,0,12
../data/ravdess/audio_speech_actors_01-24\Actor_12\03-01-04-01-02-01-12.wav,4,sad,1,0,0,12
../data/ravdess/audio_speech_actors_01-24\Actor_12\03-01-04-01-02-02-12.wav,4,sad,1,0,0,12
../data/ravdess/audio_speech_actors_01-24\Actor_12\03-01-04-02-01-01-12.wav,4,sad,2,0,0,12
../data/ravdess/audio_speech_actors_01-24\Actor_12\03-01-04-02-01-02-12.wav,4,sad,2,0,0,12
../data/ravdess/audio_speech_actors_01-24\Actor_12\03-01-04-02-02-01-12.wav,4,sad,2,0,0,12
../data/ravdess/audio_speech_actors_01-24\Actor_12\03-01-04-02-02-02-12.wav,4,sad,2,0,0,12
../data/ravdess/audio_speech_actors_01-24\Actor_12\03-01-05-01-01-01-12.wav,5,angry,1,0,1,12
../data/ravdess/audio_speech_actors_01-24\Actor_12\03-01-05-01-01-02-12.wav,5,angry,1,0,1,12
../data/ravdess/audio_speech_actors_01-24\Actor_12\03-01-05-01-02-01-12.wav,5,angry,1,0,1,12
../data/ravdess/audio_speech_actors_01-24\Actor_12\03-01-05-01-02-02-12.wav,5,angry,1,0,1,12
../data/ravdess/audio_speech_actors_01-24\Actor_12\03-01-05-02-01-01-12.wav,5,angry,2,0,1,12
../data/ravdess/audio_speech_actors_01-24\Actor_12\03-01-05-02-01-02-12.wav,5,angry,2,0,1,12
../data/ravdess/audio_speech_actors_01-24\Actor_12\03-01-05-02-02-01-12.wav,5,angry,2,0,1,12
../data/ravdess/audio_speech_actors_01-24\Actor_12\03-01-05-02-02-02-12.wav,5,angry,2,0,1,12
../data/ravdess/audio_speech_actors_01-24\Actor_12\03-01-06-01-01-01-12.wav,6,fearful,1,0,1,12
../data/ravdess/audio_speech_actors_01-24\Actor_12\03-01-06-01-01-02-12.wav,6,fearful,1,0,1,12
../data/ravdess/audio_speech_actors_01-24\Actor_12\03-01-06-01-02-01-12.wav,6,fearful,1,0,1,12
../data/ravdess/audio_speech_actors_01-24\Actor_12\03-01-06-01-02-02-12.wav,6,fearful,1,0,1,12
../data/ravdess/audio_speech_actors_01-24\Actor_12\03-01-06-02-01-01-12.wav,6,fearful,2,0,1,12
../data/ravdess/audio_speech_actors_01-24\Actor_12\03-01-06-02-01-02-12.wav,6,fearful,2,0,1,12
../data/ravdess/audio_speech_actors_01-24\Actor_12\03-01-06-02-02-01-12.wav,6,fearful,2,0,1,12
../data/ravdess/audio_speech_actors_01-24\Actor_12\03-01-06-02-02-02-12.wav,6,fearful,2,0,1,12
../data/ravdess/audio_speech_actors_01-24\Actor_12\03-01-07-01-01-01-12.wav,7,disgust,1,0,1,12
../data/ravdess/audio_speech_actors_01-24\Actor_12\03-01-07-01-01-02-12.wav,7,disgust,1,0,1,12
../data/ravdess/audio_speech_actors_01-24\Actor_12\03-01-07-01-02-01-12.wav,7,disgust,1,0,1,12
../data/ravdess/audio_speech_actors_01-24\Actor_12\03-01-07-01-02-02-12.wav,7,disgust,1,0,1,12
../data/ravdess/audio_speech_actors_01-24\Actor_12\03-01-07-02-01-01-12.wav,7,disgust,2,0,1,12
../data/ravdess/audio_speech_actors_01-24\Actor_12\03-01-07-02-01-02-12.wav,7,disgust,2,0,1,12
../data/ravdess/audio_speech_actors_01-24\Actor_12\03-01-07-02-02-01-12.wav,7,disgust,2,0,1,12
../data/ravdess/audio_speech_actors_01-24\Actor_12\03-01-07-02-02-02-12.wav,7,disgust,2,0,1,12
../data/ravdess/audio_speech_actors_01-24\Actor_12\03-01-08-01-01-01-12.wav,8,surprised,1,1,1,12
../data/ravdess/audio_speech_actors_01-24\Actor_12\03-01-08-01-01-02-12.wav,8,surprised,1,1,1,12
../data/ravdess/audio_speech_actors_01-24\Actor_12\03-01-08-01-02-01-12.wav,8,surprised,1,1,1,12
../data/ravdess/audio_speech_actors_01-24\Actor_12\03-01-08-01-02-02-12.wav,8,surprised,1,1,1,12
../data/ravdess/audio_speech_actors_01-24\Actor_12\03-01-08-02-01-01-12.wav,8,surprised,2,1,1,12
../data/ravdess/audio_speech_actors_01-24\Actor_12\03-01-08-02-01-02-12.wav,8,surprised,2,1,1,12
../data/ravdess/audio_speech_actors_01-24\Actor_12\03-01-08-02-02-01-12.wav,8,surprised,2,1,1,12
../data/ravdess/audio_speech_actors_01-24\Actor_12\03-01-08-02-02-02-12.wav,8,surprised,2,1,1,12
../data/ravdess/audio_speech_actors_01-24\Actor_13\03-01-01-01-01-01-13.wav,1,neutral,1,1,0,13
../data/ravdess/audio_speech_actors_01-24\Actor_13\03-01-01-01-01-02-13.wav,1,neutral,1,1,0,13
../data/ravdess/audio_speech_actors_01-24\Actor_13\03-01-01-01-02-01-13.wav,1,neutral,1,1,0,13
../data/ravdess/audio_speech_actors_01-24\Actor_13\03-01-01-01-02-02-13.wav,1,neutral,1,1,0,13
../data/ravdess/audio_speech_actors_01-24\Actor_13\03-01-02-01-01-01-13.wav,2,calm,1,1,0,13
../data/ravdess/audio_speech_actors_01-24\Actor_13\03-01-02-01-01-02-13.wav,2,calm,1,1,0,13
../data/ravdess/audio_speech_actors_01-24\Actor_13\03-01-02-01-02-01-13.wav,2,calm,1,1,0,13
../data/ravdess/audio_speech_actors_01-24\Actor_13\03-01-02-01-02-02-13.wav,2,calm,1,1,0,13
../data/ravdess/audio_speech_actors_01-24\Actor_13\03-01-02-02-01-01-13.wav,2,calm,2,1,0,13
../data/ravdess/audio_speech_actors_01-24\Actor_13\03-01-02-02-01-02-13.wav,2,calm,2,1,0,13
../data/ravdess/audio_speech_actors_01-24\Actor_13\03-01-02-02-02-01-13.wav,2,calm,2,1,0,13
../data/ravdess/audio_speech_actors_01-24\Actor_13\03-01-02-02-02-02-13.wav,2,calm,2,1,0,13
../data/ravdess/audio_speech_actors_01-24\Actor_13\03-01-03-01-01-01-13.wav,3,happy,1,1,1,13
../data/ravdess/audio_speech_actors_01-24\Actor_13\03-01-03-01-01-02-13.wav,3,happy,1,1,1,13
../data/ravdess/audio_speech_actors_01-24\Actor_13\03-01-03-01-02-01-13.wav,3,happy,1,1,1,13
../data/ravdess/audio_speech_actors_01-24\Actor_13\03-01-03-01-02-02-13.wav,3,happy,1,1,1,13
../data/ravdess/audio_speech_actors_01-24\Actor_13\03-01-03-02-01-01-13.wav,3,happy,2,1,1,13
../data/ravdess/audio_speech_actors_01-24\Actor_13\03-01-03-02-01-02-13.wav,3,happy,2,1,1,13
../data/ravdess/audio_speech_actors_01-24\Actor_13\03-01-03-02-02-01-13.wav,3,happy,2,1,1,13
../data/ravdess/audio_speech_actors_01-24\Actor_13\03-01-03-02-02-02-13.wav,3,happy,2,1,1,13
../data/ravdess/audio_speech_actors_01-24\Actor_13\03-01-04-01-01-01-13.wav,4,sad,1,0,0,13
../data/ravdess/audio_speech_actors_01-24\Actor_13\03-01-04-01-01-02-13.wav,4,sad,1,0,0,13
../data/ravdess/audio_speech_actors_01-24\Actor_13\03-01-04-01-02-01-13.wav,4,sad,1,0,0,13
../data/ravdess/audio_speech_actors_01-24\Actor_13\03-01-04-01-02-02-13.wav,4,sad,1,0,0,13
../data/ravdess/audio_speech_actors_01-24\Actor_13\03-01-04-02-01-01-13.wav,4,sad,2,0,0,13
../data/ravdess/audio_speech_actors_01-24\Actor_13\03-01-04-02-01-02-13.wav,4,sad,2,0,0,13
../data/ravdess/audio_speech_actors_01-24\Actor_13\03-01-04-02-02-01-13.wav,4,sad,2,0,0,13
../data/ravdess/audio_speech_actors_01-24\Actor_13\03-01-04-02-02-02-13.wav,4,sad,2,0,0,13
../data/ravdess/audio_speech_actors_01-24\Actor_13\03-01-05-01-01-01-13.wav,5,angry,1,0,1,13
../data/ravdess/audio_speech_actors_01-24\Actor_13\03-01-05-01-01-02-13.wav,5,angry,1,0,1,13
../data/ravdess/audio_speech_actors_01-24\Actor_13\03-01-05-01-02-01-13.wav,5,angry,1,0,1,13
../data/ravdess/audio_speech_actors_01-24\Actor_13\03-01-05-01-02-02-13.wav,5,angry,1,0,1,13
../data/ravdess/audio_speech_actors_01-24\Actor_13\03-01-05-02-01-01-13.wav,5,angry,2,0,1,13
../data/ravdess/audio_speech_actors_01-24\Actor_13\03-01-05-02-01-02-13.wav,5,angry,2,0,1,13
../data/ravdess/audio_speech_actors_01-24\Actor_13\03-01-05-02-02-01-13.wav,5,angry,2,0,1,13
../data/ravdess/audio_speech_actors_01-24\Actor_13\03-01-05-02-02-02-13.wav,5,angry,2,0,1,13
../data/ravdess/audio_speech_actors_01-24\Actor_13\03-01-06-01-01-01-13.wav,6,fearful,1,0,1,13
../data/ravdess/audio_speech_actors_01-24\Actor_13\03-01-06-01-01-02-13.wav,6,fearful,1,0,1,13
../data/ravdess/audio_speech_actors_01-24\Actor_13\03-01-06-01-02-01-13.wav,6,fearful,1,0,1,13
../data/ravdess/audio_speech_actors_01-24\Actor_13\03-01-06-01-02-02-13.wav,6,fearful,1,0,1,13
../data/ravdess/audio_speech_actors_01-24\Actor_13\03-01-06-02-01-01-13.wav,6,fearful,2,0,1,13
../data/ravdess/audio_speech_actors_01-24\Actor_13\03-01-06-02-01-02-13.wav,6,fearful,2,0,1,13
../data/ravdess/audio_speech_actors_01-24\Actor_13\03-01-06-02-02-01-13.wav,6,fearful,2,0,1,13
../data/ravdess/audio_speech_actors_01-24\Actor_13\03-01-06-02-02-02-13.wav,6,fearful,2,0,1,13
../data/ravdess/audio_speech_actors_01-24\Actor_13\03-01-07-01-01-01-13.wav,7,disgust,1,0,1,13
../data/ravdess/audio_speech_actors_01-24\Actor_13\03-01-07-01-01-02-13.wav,7,disgust,1,0,1,13
../data/ravdess/audio_speech_actors_01-24\Actor_13\03-01-07-01-02-01-13.wav,7,disgust,1,0,1,13
../data/ravdess/audio_speech_actors_01-24\Actor_13\03-01-07-01-02-02-13.wav,7,disgust,1,0,1,13
../data/ravdess/audio_speech_actors_01-24\Actor_13\03-01-07-02-01-01-13.wav,7,disgust,2,0,1,13
../data/ravdess/audio_speech_actors_01-24\Actor_13\03-01-07-02-01-02-13.wav,7,disgust,2,0,1,13
../data/ravdess/audio_speech_actors_01-24\Actor_13\03-01-07-02-02-01-13.wav,7,disgust,2,0,1,13
../data/ravdess/audio_speech_actors_01-24\Actor_13\03-01-07-02-02-02-13.wav,7,disgust,2,0,1,13
../data/ravdess/audio_speech_actors_01-24\Actor_13\03-01-08-01-01-01-13.wav,8,surprised,1,1,1,13
../data/ravdess/audio_speech_actors_01-24\Actor_13\03-01-08-01-01-02-13.wav,8,surprised,1,1,1,13
../data/ravdess/audio_speech_actors_01-24\Actor_13\03-01-08-01-02-01-13.wav,8,surprised,1,1,1,13
../data/ravdess/audio_speech_actors_01-24\Actor_13\03-01-08-01-02-02-13.wav,8,surprised,1,1,1,13
../data/ravdess/audio_speech_actors_01-24\Actor_13\03-01-08-02-01-01-13.wav,8,surprised,2,1,1,13
../data/ravdess/audio_speech_actors_01-24\Actor_13\03-01-08-02-01-02-13.wav,8,surprised,2,1,1,13
../data/ravdess/audio_speech_actors_01-24\Actor_13\03-01-08-02-02-01-13.wav,8,surprised,2,1,1,13
../data/ravdess/audio_speech_actors_01-24\Actor_13\03-01-08-02-02-02-13.wav,8,surprised,2,1,1,13
../data/ravdess/audio_speech_actors_01-24\Actor_14\03-01-01-01-01-01-14.wav,1,neutral,1,1,0,14
../data/ravdess/audio_speech_actors_01-24\Actor_14\03-01-01-01-01-02-14.wav,1,neutral,1,1,0,14
../data/ravdess/audio_speech_actors_01-24\Actor_14\03-01-01-01-02-01-14.wav,1,neutral,1,1,0,14
../data/ravdess/audio_speech_actors_01-24\Actor_14\03-01-01-01-02-02-14.wav,1,neutral,1,1,0,14
../data/ravdess/audio_speech_actors_01-24\Actor_14\03-01-02-01-01-01-14.wav,2,calm,1,1,0,14
../data/ravdess/audio_speech_actors_01-24\Actor_14\03-01-02-01-01-02-14.wav,2,calm,1,1,0,14
../data/ravdess/audio_speech_actors_01-24\Actor_14\03-01-02-01-02-01-14.wav,2,calm,1,1,0,14
../data/ravdess/audio_speech_actors_01-24\Actor_14\03-01-02-01-02-02-14.wav,2,calm,1,1,0,14
../data/ravdess/audio_speech_actors_01-24\Actor_14\03-01-02-02-01-01-14.wav,2,calm,2,1,0,14
../data/ravdess/audio_speech_actors_01-24\Actor_14\03-01-02-02-01-02-14.wav,2,calm,2,1,0,14
../data/ravdess/audio_speech_actors_01-24\Actor_14\03-01-02-02-02-01-14.wav,2,calm,2,1,0,14
../data/ravdess/audio_speech_actors_01-24\Actor_14\03-01-02-02-02-02-14.wav,2,calm,2,1,0,14
../data/ravdess/audio_speech_actors_01-24\Actor_14\03-01-03-01-01-01-14.wav,3,happy,1,1,1,14
../data/ravdess/audio_speech_actors_01-24\Actor_14\03-01-03-01-01-02-14.wav,3,happy,1,1,1,14
../data/ravdess/audio_speech_actors_01-24\Actor_14\03-01-03-01-02-01-14.wav,3,happy,1,1,1,14
../data/ravdess/audio_speech_actors_01-24\Actor_14\03-01-03-01-02-02-14.wav,3,happy,1,1,1,14
../data/ravdess/audio_speech_actors_01-24\Actor_14\03-01-03-02-01-01-14.wav,3,happy,2,1,1,14
../data/ravdess/audio_speech_actors_01-24\Actor_14\03-01-03-02-01-02-14.wav,3,happy,2,1,1,14
../data/ravdess/audio_speech_actors_01-24\Actor_14\03-01-03-02-02-01-14.wav,3,happy,2,1,1,14
../data/ravdess/audio_speech_actors_01-24\Actor_14\03-01-03-02-02-02-14.wav,3,happy,2,1,1,14
../data/ravdess/audio_speech_actors_01-24\Actor_14\03-01-04-01-01-01-14.wav,4,sad,1,0,0,14
../data/ravdess/audio_speech_actors_01-24\Actor_14\03-01-04-01-01-02-14.wav,4,sad,1,0,0,14
../data/ravdess/audio_speech_actors_01-24\Actor_14\03-01-04-01-02-01-14.wav,4,sad,1,0,0,14
../data/ravdess/audio_speech_actors_01-24\Actor_14\03-01-04-01-02-02-14.wav,4,sad,1,0,0,14
../data/ravdess/audio_speech_actors_01-24\Actor_14\03-01-04-02-01-01-14.wav,4,sad,2,0,0,14
../data/ravdess/audio_speech_actors_01-24\Actor_14\03-01-04-02-01-02-14.wav,4,sad,2,0,0,14
../data/ravdess/audio_speech_actors_01-24\Actor_14\03-01-04-02-02-01-14.wav,4,sad,2,0,0,14
../data/ravdess/audio_speech_actors_01-24\Actor_14\03-01-04-02-02-02-14.wav,4,sad,2,0,0,14
../data/ravdess/audio_speech_actors_01-24\Actor_14\03-01-05-01-01-01-14.wav,5,angry,1,0,1,14
../data/ravdess/audio_speech_actors_01-24\Actor_14\03-01-05-01-01-02-14.wav,5,angry,1,0,1,14
../data/ravdess/audio_speech_actors_01-24\Actor_14\03-01-05-01-02-01-14.wav,5,angry,1,0,1,14
../data/ravdess/audio_speech_actors_01-24\Actor_14\03-01-05-01-02-02-14.wav,5,angry,1,0,1,14
../data/ravdess/audio_speech_actors_01-24\Actor_14\03-01-05-02-01-01-14.wav,5,angry,2,0,1,14
../data/ravdess/audio_speech_actors_01-24\Actor_14\03-01-05-02-01-02-14.wav,5,angry,2,0,1,14
../data/ravdess/audio_speech_actors_01-24\Actor_14\03-01-05-02-02-01-14.wav,5,angry,2,0,1,14
../data/ravdess/audio_speech_actors_01-24\Actor_14\03-01-05-02-02-02-14.wav,5,angry,2,0,1,14
../data/ravdess/audio_speech_actors_01-24\Actor_14\03-01-06-01-01-01-14.wav,6,fearful,1,0,1,14
../data/ravdess/audio_speech_actors_01-24\Actor_14\03-01-06-01-01-02-14.wav,6,fearful,1,0,1,14
../data/ravdess/audio_speech_actors_01-24\Actor_14\03-01-06-01-02-01-14.wav,6,fearful,1,0,1,14
../data/ravdess/audio_speech_actors_01-24\Actor_14\03-01-06-01-02-02-14.wav,6,fearful,1,0,1,14
../data/ravdess/audio_speech_actors_01-24\Actor_14\03-01-06-02-01-01-14.wav,6,fearful,2,0,1,14
../data/ravdess/audio_speech_actors_01-24\Actor_14\03-01-06-02-01-02-14.wav,6,fearful,2,0,1,14
../data/ravdess/audio_speech_actors_01-24\Actor_14\03-01-06-02-02-01-14.wav,6,fearful,2,0,1,14
../data/ravdess/audio_speech_actors_01-24\Actor_14\03-01-06-02-02-02-14.wav,6,fearful,2,0,1,14
../data/ravdess/audio_speech_actors_01-24\Actor_14\03-01-07-01-01-01-14.wav,7,disgust,1,0,1,14
../data/ravdess/audio_speech_actors_01-24\Actor_14\03-01-07-01-01-02-14.wav,7,disgust,1,0,1,14
../data/ravdess/audio_speech_actors_01-24\Actor_14\03-01-07-01-02-01-14.wav,7,disgust,1,0,1,14
../data/ravdess/audio_speech_actors_01-24\Actor_14\03-01-07-01-02-02-14.wav,7,disgust,1,0,1,14
../data/ravdess/audio_speech_actors_01-24\Actor_14\03-01-07-02-01-01-14.wav,7,disgust,2,0,1,14
../data/ravdess/audio_speech_actors_01-24\Actor_14\03-01-07-02-01-02-14.wav,7,disgust,2,0,1,14
../data/ravdess/audio_speech_actors_01-24\Actor_14\03-01-07-02-02-01-14.wav,7,disgust,2,0,1,14
../data/ravdess/audio_speech_actors_01-24\Actor_14\03-01-07-02-02-02-14.wav,7,disgust,2,0,1,14
../data/ravdess/audio_speech_actors_01-24\Actor_14\03-01-08-01-01-01-14.wav,8,surprised,1,1,1,14
../data/ravdess/audio_speech_actors_01-24\Actor_14\03-01-08-01-01-02-14.wav,8,surprised,1,1,1,14
../data/ravdess/audio_speech_actors_01-24\Actor_14\03-01-08-01-02-01-14.wav,8,surprised,1,1,1,14
../data/ravdess/audio_speech_actors_01-24\Actor_14\03-01-08-01-02-02-14.wav,8,surprised,1,1,1,14
../data/ravdess/audio_speech_actors_01-24\Actor_14\03-01-08-02-01-01-14.wav,8,surprised,2,1,1,14
../data/ravdess/audio_speech_actors_01-24\Actor_14\03-01-08-02-01-02-14.wav,8,surprised,2,1,1,14
../data/ravdess/audio_speech_actors_01-24\Actor_14\03-01-08-02-02-01-14.wav,8,surprised,2,1,1,14
../data/ravdess/audio_speech_actors_01-24\Actor_14\03-01-08-02-02-02-14.wav,8,surprised,2,1,1,14
../data/ravdess/audio_speech_actors_01-24\Actor_15\03-01-01-01-01-01-15.wav,1,neutral,1,1,0,15
../data/ravdess/audio_speech_actors_01-24\Actor_15\03-01-01-01-01-02-15.wav,1,neutral,1,1,0,15
../data/ravdess/audio_speech_actors_01-24\Actor_15\03-01-01-01-02-01-15.wav,1,neutral,1,1,0,15
../data/ravdess/audio_speech_actors_01-24\Actor_15\03-01-01-01-02-02-15.wav,1,neutral,1,1,0,15
../data/ravdess/audio_speech_actors_01-24\Actor_15\03-01-02-01-01-01-15.wav,2,calm,1,1,0,15
../data/ravdess/audio_speech_actors_01-24\Actor_15\03-01-02-01-01-02-15.wav,2,calm,1,1,0,15
../data/ravdess/audio_speech_actors_01-24\Actor_15\03-01-02-01-02-01-15.wav,2,calm,1,1,0,15
../data/ravdess/audio_speech_actors_01-24\Actor_15\03-01-02-01-02-02-15.wav,2,calm,1,1,0,15
../data/ravdess/audio_speech_actors_01-24\Actor_15\03-01-02-02-01-01-15.wav,2,calm,2,1,0,15
../data/ravdess/audio_speech_actors_01-24\Actor_15\03-01-02-02-01-02-15.wav,2,calm,2,1,0,15
../data/ravdess/audio_speech_actors_01-24\Actor_15\03-01-02-02-02-01-15.wav,2,calm,2,1,0,15
../data/ravdess/audio_speech_actors_01-24\Actor_15\03-01-02-02-02-02-15.wav,2,calm,2,1,0,15
../data/ravdess/audio_speech_actors_01-24\Actor_15\03-01-03-01-01-01-15.wav,3,happy,1,1,1,15
../data/ravdess/audio_speech_actors_01-24\Actor_15\03-01-03-01-01-02-15.wav,3,happy,1,1,1,15
../data/ravdess/audio_speech_actors_01-24\Actor_15\03-01-03-01-02-01-15.wav,3,happy,1,1,1,15
../data/ravdess/audio_speech_actors_01-24\Actor_15\03-01-03-01-02-02-15.wav,3,happy,1,1,1,15
../data/ravdess/audio_speech_actors_01-24\Actor_15\03-01-03-02-01-01-15.wav,3,happy,2,1,1,15
../data/ravdess/audio_speech_actors_01-24\Actor_15\03-01-03-02-01-02-15.wav,3,happy,2,1,1,15
../data/ravdess/audio_speech_actors_01-24\Actor_15\03-01-03-02-02-01-15.wav,3,happy,2,1,1,15
../data/ravdess/audio_speech_actors_01-24\Actor_15\03-01-03-02-02-02-15.wav,3,happy,2,1,1,15
../data/ravdess/audio_speech_actors_01-24\Actor_15\03-01-04-01-01-01-15.wav,4,sad,1,0,0,15
../data/ravdess/audio_speech_actors_01-24\Actor_15\03-01-04-01-01-02-15.wav,4,sad,1,0,0,15
../data/ravdess/audio_speech_actors_01-24\Actor_15\03-01-04-01-02-01-15.wav,4,sad,1,0,0,15
../data/ravdess/audio_speech_actors_01-24\Actor_15\03-01-04-01-02-02-15.wav,4,sad,1,0,0,15
../data/ravdess/audio_speech_actors_01-24\Actor_15\03-01-04-02-01-01-15.wav,4,sad,2,0,0,15
../data/ravdess/audio_speech_actors_01-24\Actor_15\03-01-04-02-01-02-15.wav,4,sad,2,0,0,15
../data/ravdess/audio_speech_actors_01-24\Actor_15\03-01-04-02-02-01-15.wav,4,sad,2,0,0,15
../data/ravdess/audio_speech_actors_01-24\Actor_15\03-01-04-02-02-02-15.wav,4,sad,2,0,0,15
../data/ravdess/audio_speech_actors_01-24\Actor_15\03-01-05-01-01-01-15.wav,5,angry,1,0,1,15
../data/ravdess/audio_speech_actors_01-24\Actor_15\03-01-05-01-01-02-15.wav,5,angry,1,0,1,15
../data/ravdess/audio_speech_actors_01-24\Actor_15\03-01-05-01-02-01-15.wav,5,angry,1,0,1,15
../data/ravdess/audio_speech_actors_01-24\Actor_15\03-01-05-01-02-02-15.wav,5,angry,1,0,1,15
../data/ravdess/audio_speech_actors_01-24\Actor_15\03-01-05-02-01-01-15.wav,5,angry,2,0,1,15
../data/ravdess/audio_speech_actors_01-24\Actor_15\03-01-05-02-01-02-15.wav,5,angry,2,0,1,15
../data/ravdess/audio_speech_actors_01-24\Actor_15\03-01-05-02-02-01-15.wav,5,angry,2,0,1,15
../data/ravdess/audio_speech_actors_01-24\Actor_15\03-01-05-02-02-02-15.wav,5,angry,2,0,1,15
../data/ravdess/audio_speech_actors_01-24\Actor_15\03-01-06-01-01-01-15.wav,6,fearful,1,0,1,15
../data/ravdess/audio_speech_actors_01-24\Actor_15\03-01-06-01-01-02-15.wav,6,fearful,1,0,1,15
../data/ravdess/audio_speech_actors_01-24\Actor_15\03-01-06-01-02-01-15.wav,6,fearful,1,0,1,15
../data/ravdess/audio_speech_actors_01-24\Actor_15\03-01-06-01-02-02-15.wav,6,fearful,1,0,1,15
../data/ravdess/audio_speech_actors_01-24\Actor_15\03-01-06-02-01-01-15.wav,6,fearful,2,0,1,15
../data/ravdess/audio_speech_actors_01-24\Actor_15\03-01-06-02-01-02-15.wav,6,fearful,2,0,1,15
../data/ravdess/audio_speech_actors_01-24\Actor_15\03-01-06-02-02-01-15.wav,6,fearful,2,0,1,15
../data/ravdess/audio_speech_actors_01-24\Actor_15\03-01-06-02-02-02-15.wav,6,fearful,2,0,1,15
../data/ravdess/audio_speech_actors_01-24\Actor_15\03-01-07-01-01-01-15.wav,7,disgust,1,0,1,15
../data/ravdess/audio_speech_actors_01-24\Actor_15\03-01-07-01-01-02-15.wav,7,disgust,1,0,1,15
../data/ravdess/audio_speech_actors_01-24\Actor_15\03-01-07-01-02-01-15.wav,7,disgust,1,0,1,15
../data/ravdess/audio_speech_actors_01-24\Actor_15\03-01-07-01-02-02-15.wav,7,disgust,1,0,1,15
../data/ravdess/audio_speech_actors_01-24\Actor_15\03-01-07-02-01-01-15.wav,7,disgust,2,0,1,15
../data/ravdess/audio_speech_actors_01-24\Actor_15\03-01-07-02-01-02-15.wav,7,disgust,2,0,1,15
../data/ravdess/audio_speech_actors_01-24\Actor_15\03-01-07-02-02-01-15.wav,7,disgust,2,0,1,15
../data/ravdess/audio_speech_actors_01-24\Actor_15\03-01-07-02-02-02-15.wav,7,disgust,2,0,1,15
../data/ravdess/audio_speech_actors_01-24\Actor_15\03-01-08-01-01-01-15.wav,8,surprised,1,1,1,15
../data/ravdess/audio_speech_actors_01-24\Actor_15\03-01-08-01-01-02-15.wav,8,surprised,1,1,1,15
../data/ravdess/audio_speech_actors_01-24\Actor_15\03-01-08-01-02-01-15.wav,8,surprised,1,1,1,15
../data/ravdess/audio_speech_actors_01-24\Actor_15\03-01-08-01-02-02-15.wav,8,surprised,1,1,1,15
../data/ravdess/audio_speech_actors_01-24\Actor_15\03-01-08-02-01-01-15.wav,8,surprised,2,1,1,15
../data/ravdess/audio_speech_actors_01-24\Actor_15\03-01-08-02-01-02-15.wav,8,surprised,2,1,1,15
../data/ravdess/audio_speech_actors_01-24\Actor_15\03-01-08-02-02-01-15.wav,8,surprised,2,1,1,15
../data/ravdess/audio_speech_actors_01-24\Actor_15\03-01-08-02-02-02-15.wav,8,surprised,2,1,1,15
../data/ravdess/audio_speech_actors_01-24\Actor_16\03-01-01-01-01-01-16.wav,1,neutral,1,1,0,16
../data/ravdess/audio_speech_actors_01-24\Actor_16\03-01-01-01-01-02-16.wav,1,neutral,1,1,0,16
../data/ravdess/audio_speech_actors_01-24\Actor_16\03-01-01-01-02-01-16.wav,1,neutral,1,1,0,16
../data/ravdess/audio_speech_actors_01-24\Actor_16\03-01-01-01-02-02-16.wav,1,neutral,1,1,0,16
../data/ravdess/audio_speech_actors_01-24\Actor_16\03-01-02-01-01-01-16.wav,2,calm,1,1,0,16
../data/ravdess/audio_speech_actors_01-24\Actor_16\03-01-02-01-01-02-16.wav,2,calm,1,1,0,16
../data/ravdess/audio_speech_actors_01-24\Actor_16\03-01-02-01-02-01-16.wav,2,calm,1,1,0,16
../data/ravdess/audio_speech_actors_01-24\Actor_16\03-01-02-01-02-02-16.wav,2,calm,1,1,0,16
../data/ravdess/audio_speech_actors_01-24\Actor_16\03-01-02-02-01-01-16.wav,2,calm,2,1,0,16
../data/ravdess/audio_speech_actors_01-24\Actor_16\03-01-02-02-01-02-16.wav,2,calm,2,1,0,16
../data/ravdess/audio_speech_actors_01-24\Actor_16\03-01-02-02-02-01-16.wav,2,calm,2,1,0,16
../data/ravdess/audio_speech_actors_01-24\Actor_16\03-01-02-02-02-02-16.wav,2,calm,2,1,0,16
../data/ravdess/audio_speech_actors_01-24\Actor_16\03-01-03-01-01-01-16.wav,3,happy,1,1,1,16
../data/ravdess/audio_speech_actors_01-24\Actor_16\03-01-03-01-01-02-16.wav,3,happy,1,1,1,16
../data/ravdess/audio_speech_actors_01-24\Actor_16\03-01-03-01-02-01-16.wav,3,happy,1,1,1,16
../data/ravdess/audio_speech_actors_01-24\Actor_16\03-01-03-01-02-02-16.wav,3,happy,1,1,1,16
../data/ravdess/audio_speech_actors_01-24\Actor_16\03-01-03-02-01-01-16.wav,3,happy,2,1,1,16
../data/ravdess/audio_speech_actors_01-24\Actor_16\03-01-03-02-01-02-16.wav,3,happy,2,1,1,16
../data/ravdess/audio_speech_actors_01-24\Actor_16\03-01-03-02-02-01-16.wav,3,happy,2,1,1,16
../data/ravdess/audio_speech_actors_01-24\Actor_16\03-01-03-02-02-02-16.wav,3,happy,2,1,1,16
../data/ravdess/audio_speech_actors_01-24\Actor_16\03-01-04-01-01-01-16.wav,4,sad,1,0,0,16
../data/ravdess/audio_speech_actors_01-24\Actor_16\03-01-04-01-01-02-16.wav,4,sad,1,0,0,16
../data/ravdess/audio_speech_actors_01-24\Actor_16\03-01-04-01-02-01-16.wav,4,sad,1,0,0,16
../data/ravdess/audio_speech_actors_01-24\Actor_16\03-01-04-01-02-02-16.wav,4,sad,1,0,0,16
../data/ravdess/audio_speech_actors_01-24\Actor_16\03-01-04-02-01-01-16.wav,4,sad,2,0,0,16
../data/ravdess/audio_speech_actors_01-24\Actor_16\03-01-04-02-01-02-16.wav,4,sad,2,0,0,16
../data/ravdess/audio_speech_actors_01-24\Actor_16\03-01-04-02-02-01-16.wav,4,sad,2,0,0,16
../data/ravdess/audio_speech_actors_01-24\Actor_16\03-01-04-02-02-02-16.wav,4,sad,2,0,0,16
../data/ravdess/audio_speech_actors_01-24\Actor_16\03-01-05-01-01-01-16.wav,5,angry,1,0,1,16
../data/ravdess/audio_speech_actors_01-24\Actor_16\03-01-05-01-01-02-16.wav,5,angry,1,0,1,16
../data/ravdess/audio_speech_actors_01-24\Actor_16\03-01-05-01-02-01-16.wav,5,angry,1,0,1,16
../data/ravdess/audio_speech_actors_01-24\Actor_16\03-01-05-01-02-02-16.wav,5,angry,1,0,1,16
../data/ravdess/audio_speech_actors_01-24\Actor_16\03-01-05-02-01-01-16.wav,5,angry,2,0,1,16
../data/ravdess/audio_speech_actors_01-24\Actor_16\03-01-05-02-01-02-16.wav,5,angry,2,0,1,16
../data/ravdess/audio_speech_actors_01-24\Actor_16\03-01-05-02-02-01-16.wav,5,angry,2,0,1,16
../data/ravdess/audio_speech_actors_01-24\Actor_16\03-01-05-02-02-02-16.wav,5,angry,2,0,1,16
../data/ravdess/audio_speech_actors_01-24\Actor_16\03-01-06-01-01-01-16.wav,6,fearful,1,0,1,16
../data/ravdess/audio_speech_actors_01-24\Actor_16\03-01-06-01-01-02-16.wav,6,fearful,1,0,1,16
../data/ravdess/audio_speech_actors_01-24\Actor_16\03-01-06-01-02-01-16.wav,6,fearful,1,0,1,16
../data/ravdess/audio_speech_actors_01-24\Actor_16\03-01-06-01-02-02-16.wav,6,fearful,1,0,1,16
../data/ravdess/audio_speech_actors_01-24\Actor_16\03-01-06-02-01-01-16.wav,6,fearful,2,0,1,16
../data/ravdess/audio_speech_actors_01-24\Actor_16\03-01-06-02-01-02-16.wav,6,fearful,2,0,1,16
../data/ravdess/audio_speech_actors_01-24\Actor_16\03-01-06-02-02-01-16.wav,6,fearful,2,0,1,16
../data/ravdess/audio_speech_actors_01-24\Actor_16\03-01-06-02-02-02-16.wav,6,fearful,2,0,1,16
../data/ravdess/audio_speech_actors_01-24\Actor_16\03-01-07-01-01-01-16.wav,7,disgust,1,0,1,16
../data/ravdess/audio_speech_actors_01-24\Actor_16\03-01-07-01-01-02-16.wav,7,disgust,1,0,1,16
../data/ravdess/audio_speech_actors_01-24\Actor_16\03-01-07-01-02-01-16.wav,7,disgust,1,0,1,16
../data/ravdess/audio_speech_actors_01-24\Actor_16\03-01-07-01-02-02-16.wav,7,disgust,1,0,1,16
../data/ravdess/audio_speech_actors_01-24\Actor_16\03-01-07-02-01-01-16.wav,7,disgust,2,0,1,16
../data/ravdess/audio_speech_actors_01-24\Actor_16\03-01-07-02-01-02-16.wav,7,disgust,2,0,1,16
../data/ravdess/audio_speech_actors_01-24\Actor_16\03-01-07-02-02-01-16.wav,7,disgust,2,0,1,16
../data/ravdess/audio_speech_actors_01-24\Actor_16\03-01-07-02-02-02-16.wav,7,disgust,2,0,1,16
../data/ravdess/audio_speech_actors_01-24\Actor_16\03-01-08-01-01-01-16.wav,8,surprised,1,1,1,16
../data/ravdess/audio_speech_actors_01-24\Actor_16\03-01-08-01-01-02-16.wav,8,surprised,1,1,1,16
../data/ravdess/audio_speech_actors_01-24\Actor_16\03-01-08-01-02-01-16.wav,8,surprised,1,1,1,16
../data/ravdess/audio_speech_actors_01-24\Actor_16\03-01-08-01-02-02-16.wav,8,surprised,1,1,1,16
../data/ravdess/audio_speech_actors_01-24\Actor_16\03-01-08-02-01-01-16.wav,8,surprised,2,1,1,16
../data/ravdess/audio_speech_actors_01-24\Actor_16\03-01-08-02-01-02-16.wav,8,surprised,2,1,1,16
../data/ravdess/audio_speech_actors_01-24\Actor_16\03-01-08-02-02-01-16.wav,8,surprised,2,1,1,16
../data/ravdess/audio_speech_actors_01-24\Actor_16\03-01-08-02-02-02-16.wav,8,surprised,2,1,1,16
../data/ravdess/audio_speech_actors_01-24\Actor_17\03-01-01-01-01-01-17.wav,1,neutral,1,1,0,17
../data/ravdess/audio_speech_actors_01-24\Actor_17\03-01-01-01-01-02-17.wav,1,neutral,1,1,0,17
../data/ravdess/audio_speech_actors_01-24\Actor_17\03-01-01-01-02-01-17.wav,1,neutral,1,1,0,17
../data/ravdess/audio_speech_actors_01-24\Actor_17\03-01-01-01-02-02-17.wav,1,neutral,1,1,0,17
../data/ravdess/audio_speech_actors_01-24\Actor_17\03-01-02-01-01-01-17.wav,2,calm,1,1,0,17
../data/ravdess/audio_speech_actors_01-24\Actor_17\03-01-02-01-01-02-17.wav,2,calm,1,1,0,17
../data/ravdess/audio_speech_actors_01-24\Actor_17\03-01-02-01-02-01-17.wav,2,calm,1,1,0,17
../data/ravdess/audio_speech_actors_01-24\Actor_17\03-01-02-01-02-02-17.wav,2,calm,1,1,0,17
../data/ravdess/audio_speech_actors_01-24\Actor_17\03-01-02-02-01-01-17.wav,2,calm,2,1,0,17
../data/ravdess/audio_speech_actors_01-24\Actor_17\03-01-02-02-01-02-17.wav,2,calm,2,1,0,17
../data/ravdess/audio_speech_actors_01-24\Actor_17\03-01-02-02-02-01-17.wav,2,calm,2,1,0,17
../data/ravdess/audio_speech_actors_01-24\Actor_17\03-01-02-02-02-02-17.wav,2,calm,2,1,0,17
../data/ravdess/audio_speech_actors_01-24\Actor_17\03-01-03-01-01-01-17.wav,3,happy,1,1,1,17
../data/ravdess/audio_speech_actors_01-24\Actor_17\03-01-03-01-01-02-17.wav,3,happy,1,1,1,17
../data/ravdess/audio_speech_actors_01-24\Actor_17\03-01-03-01-02-01-17.wav,3,happy,1,1,1,17
../data/ravdess/audio_speech_actors_01-24\Actor_17\03-01-03-01-02-02-17.wav,3,happy,1,1,1,17
../data/ravdess/audio_speech_actors_01-24\Actor_17\03-01-03-02-01-01-17.wav,3,happy,2,1,1,17
../data/ravdess/audio_speech_actors_01-24\Actor_17\03-01-03-02-01-02-17.wav,3,happy,2,1,1,17
../data/ravdess/audio_speech_actors_01-24\Actor_17\03-01-03-02-02-01-17.wav,3,happy,2,1,1,17
../data/ravdess/audio_speech_actors_01-24\Actor_17\03-01-03-02-02-02-17.wav,3,happy,2,1,1,17
../data/ravdess/audio_speech_actors_01-24\Actor_17\03-01-04-01-01-01-17.wav,4,sad,1,0,0,17
../data/ravdess/audio_speech_actors_01-24\Actor_17\03-01-04-01-01-02-17.wav,4,sad,1,0,0,17
../data/ravdess/audio_speech_actors_01-24\Actor_17\03-01-04-01-02-01-17.wav,4,sad,1,0,0,17
../data/ravdess/audio_speech_actors_01-24\Actor_17\03-01-04-01-02-02-17.wav,4,sad,1,0,0,17
../data/ravdess/audio_speech_actors_01-24\Actor_17\03-01-04-02-01-01-17.wav,4,sad,2,0,0,17
../data/ravdess/audio_speech_actors_01-24\Actor_17\03-01-04-02-01-02-17.wav,4,sad,2,0,0,17
../data/ravdess/audio_speech_actors_01-24\Actor_17\03-01-04-02-02-01-17.wav,4,sad,2,0,0,17
../data/ravdess/audio_speech_actors_01-24\Actor_17\03-01-04-02-02-02-17.wav,4,sad,2,0,0,17
../data/ravdess/audio_speech_actors_01-24\Actor_17\03-01-05-01-01-01-17.wav,5,angry,1,0,1,17
../data/ravdess/audio_speech_actors_01-24\Actor_17\03-01-05-01-01-02-17.wav,5,angry,1,0,1,17
../data/ravdess/audio_speech_actors_01-24\Actor_17\03-01-05-01-02-01-17.wav,5,angry,1,0,1,17
../data/ravdess/audio_speech_actors_01-24\Actor_17\03-01-05-01-02-02-17.wav,5,angry,1,0,1,17
../data/ravdess/audio_speech_actors_01-24\Actor_17\03-01-05-02-01-01-17.wav,5,angry,2,0,1,17
../data/ravdess/audio_speech_actors_01-24\Actor_17\03-01-05-02-01-02-17.wav,5,angry,2,0,1,17
../data/ravdess/audio_speech_actors_01-24\Actor_17\03-01-05-02-02-01-17.wav,5,angry,2,0,1,17
../data/ravdess/audio_speech_actors_01-24\Actor_17\03-01-05-02-02-02-17.wav,5,angry,2,0,1,17
../data/ravdess/audio_speech_actors_01-24\Actor_17\03-01-06-01-01-01-17.wav,6,fearful,1,0,1,17
../data/ravdess/audio_speech_actors_01-24\Actor_17\03-01-06-01-01-02-17.wav,6,fearful,1,0,1,17
../data/ravdess/audio_speech_actors_01-24\Actor_17\03-01-06-01-02-01-17.wav,6,fearful,1,0,1,17
../data/ravdess/audio_speech_actors_01-24\Actor_17\03-01-06-01-02-02-17.wav,6,fearful,1,0,1,17
../data/ravdess/audio_speech_actors_01-24\Actor_17\03-01-06-02-01-01-17.wav,6,fearful,2,0,1,17
../data/ravdess/audio_speech_actors_01-24\Actor_17\03-01-06-02-01-02-17.wav,6,fearful,2,0,1,17
../data/ravdess/audio_speech_actors_01-24\Actor_17\03-01-06-02-02-01-17.wav,6,fearful,2,0,1,17
../data/ravdess/audio_speech_actors_01-24\Actor_17\03-01-06-02-02-02-17.wav,6,fearful,2,0,1,17
../data/ravdess/audio_speech_actors_01-24\Actor_17\03-01-07-01-01-01-17.wav,7,disgust,1,0,1,17
../data/ravdess/audio_speech_actors_01-24\Actor_17\03-01-07-01-01-02-17.wav,7,disgust,1,0,1,17
../data/ravdess/audio_speech_actors_01-24\Actor_17\03-01-07-01-02-01-17.wav,7,disgust,1,0,1,17
../data/ravdess/audio_speech_actors_01-24\Actor_17\03-01-07-01-02-02-17.wav,7,disgust,1,0,1,17
../data/ravdess/audio_speech_actors_01-24\Actor_17\03-01-07-02-01-01-17.wav,7,disgust,2,0,1,17
../data/ravdess/audio_speech_actors_01-24\Actor_17\03-01-07-02-01-02-17.wav,7,disgust,2,0,1,17
../data/ravdess/audio_speech_actors_01-24\Actor_17\03-01-07-02-02-01-17.wav,7,disgust,2,0,1,17
../data/ravdess/audio_speech_actors_01-24\Actor_17\03-01-07-02-02-02-17.wav,7,disgust,2,0,1,17
../data/ravdess/audio_speech_actors_01-24\Actor_17\03-01-08-01-01-01-17.wav,8,surprised,1,1,1,17
../data/ravdess/audio_speech_actors_01-24\Actor_17\03-01-08-01-01-02-17.wav,8,surprised,1,1,1,17
../data/ravdess/audio_speech_actors_01-24\Actor_17\03-01-08-01-02-01-17.wav,8,surprised,1,1,1,17
../data/ravdess/audio_speech_actors_01-24\Actor_17\03-01-08-01-02-02-17.wav,8,surprised,1,1,1,17
../data/ravdess/audio_speech_actors_01-24\Actor_17\03-01-08-02-01-01-17.wav,8,surprised,2,1,1,17
../data/ravdess/audio_speech_actors_01-24\Actor_17\03-01-08-02-01-02-17.wav,8,surprised,2,1,1,17
../data/ravdess/audio_speech_actors_01-24\Actor_17\03-01-08-02-02-01-17.wav,8,surprised,2,1,1,17
../data/ravdess/audio_speech_actors_01-24\Actor_17\03-01-08-02-02-02-17.wav,8,surprised,2,1,1,17
../data/ravdess/audio_speech_actors_01-24\Actor_18\03-01-01-01-01-01-18.wav,1,neutral,1,1,0,18
../data/ravdess/audio_speech_actors_01-24\Actor_18\03-01-01-01-01-02-18.wav,1,neutral,1,1,0,18
../data/ravdess/audio_speech_actors_01-24\Actor_18\03-01-01-01-02-01-18.wav,1,neutral,1,1,0,18
../data/ravdess/audio_speech_actors_01-24\Actor_18\03-01-01-01-02-02-18.wav,1,neutral,1,1,0,18
../data/ravdess/audio_speech_actors_01-24\Actor_18\03-01-02-01-01-01-18.wav,2,calm,1,1,0,18
../data/ravdess/audio_speech_actors_01-24\Actor_18\03-01-02-01-01-02-18.wav,2,calm,1,1,0,18
../data/ravdess/audio_speech_actors_01-24\Actor_18\03-01-02-01-02-01-18.wav,2,calm,1,1,0,18
../data/ravdess/audio_speech_actors_01-24\Actor_18\03-01-02-01-02-02-18.wav,2,calm,1,1,0,18
../data/ravdess/audio_speech_actors_01-24\Actor_18\03-01-02-02-01-01-18.wav,2,calm,2,1,0,18
../data/ravdess/audio_speech_actors_01-24\Actor_18\03-01-02-02-01-02-18.wav,2,calm,2,1,0,18
../data/ravdess/audio_speech_actors_01-24\Actor_18\03-01-02-02-02-01-18.wav,2,calm,2,1,0,18
../data/ravdess/audio_speech_actors_01-24\Actor_18\03-01-02-02-02-02-18.wav,2,calm,2,1,0,18
../data/ravdess/audio_speech_actors_01-24\Actor_18\03-01-03-01-01-01-18.wav,3,happy,1,1,1,18
../data/ravdess/audio_speech_actors_01-24\Actor_18\03-01-03-01-01-02-18.wav,3,happy,1,1,1,18
../data/ravdess/audio_speech_actors_01-24\Actor_18\03-01-03-01-02-01-18.wav,3,happy,1,1,1,18
../data/ravdess/audio_speech_actors_01-24\Actor_18\03-01-03-01-02-02-18.wav,3,happy,1,1,1,18
../data/ravdess/audio_speech_actors_01-24\Actor_18\03-01-03-02-01-01-18.wav,3,happy,2,1,1,18
../data/ravdess/audio_speech_actors_01-24\Actor_18\03-01-03-02-01-02-18.wav,3,happy,2,1,1,18
../data/ravdess/audio_speech_actors_01-24\Actor_18\03-01-03-02-02-01-18.wav,3,happy,2,1,1,18
../data/ravdess/audio_speech_actors_01-24\Actor_18\03-01-03-02-02-02-18.wav,3,happy,2,1,1,18
../data/ravdess/audio_speech_actors_01-24\Actor_18\03-01-04-01-01-01-18.wav,4,sad,1,0,0,18
../data/ravdess/audio_speech_actors_01-24\Actor_18\03-01-04-01-01-02-18.wav,4,sad,1,0,0,18
../data/ravdess/audio_speech_actors_01-24\Actor_18\03-01-04-01-02-01-18.wav,4,sad,1,0,0,18
../data/ravdess/audio_speech_actors_01-24\Actor_18\03-01-04-01-02-02-18.wav,4,sad,1,0,0,18
../data/ravdess/audio_speech_actors_01-24\Actor_18\03-01-04-02-01-01-18.wav,4,sad,2,0,0,18
../data/ravdess/audio_speech_actors_01-24\Actor_18\03-01-04-02-01-02-18.wav,4,sad,2,0,0,18
../data/ravdess/audio_speech_actors_01-24\Actor_18\03-01-04-02-02-01-18.wav,4,sad,2,0,0,18
../data/ravdess/audio_speech_actors_01-24\Actor_18\03-01-04-02-02-02-18.wav,4,sad,2,0,0,18
../data/ravdess/audio_speech_actors_01-24\Actor_18\03-01-05-01-01-01-18.wav,5,angry,1,0,1,18
../data/ravdess/audio_speech_actors_01-24\Actor_18\03-01-05-01-01-02-18.wav,5,angry,1,0,1,18
../data/ravdess/audio_speech_actors_01-24\Actor_18\03-01-05-01-02-01-18.wav,5,angry,1,0,1,18
../data/ravdess/audio_speech_actors_01-24\Actor_18\03-01-05-01-02-02-18.wav,5,angry,1,0,1,18
../data/ravdess/audio_speech_actors_01-24\Actor_18\03-01-05-02-01-01-18.wav,5,angry,2,0,1,18
../data/ravdess/audio_speech_actors_01-24\Actor_18\03-01-05-02-01-02-18.wav,5,angry,2,0,1,18
../data/ravdess/audio_speech_actors_01-24\Actor_18\03-01-05-02-02-01-18.wav,5,angry,2,0,1,18
../data/ravdess/audio_speech_actors_01-24\Actor_18\03-01-05-02-02-02-18.wav,5,angry,2,0,1,18
../data/ravdess/audio_speech_actors_01-24\Actor_18\03-01-06-01-01-01-18.wav,6,fearful,1,0,1,18
../data/ravdess/audio_speech_actors_01-24\Actor_18\03-01-06-01-01-02-18.wav,6,fearful,1,0,1,18
../data/ravdess/audio_speech_actors_01-24\Actor_18\03-01-06-01-02-01-18.wav,6,fearful,1,0,1,18
../data/ravdess/audio_speech_actors_01-24\Actor_18\03-01-06-01-02-02-18.wav,6,fearful,1,0,1,18
../data/ravdess/audio_speech_actors_01-24\Actor_18\03-01-06-02-01-01-18.wav,6,fearful,2,0,1,18
../data/ravdess/audio_speech_actors_01-24\Actor_18\03-01-06-02-01-02-18.wav,6,fearful,2,0,1,18
../data/ravdess/audio_speech_actors_01-24\Actor_18\03-01-06-02-02-01-18.wav,6,fearful,2,0,1,18
../data/ravdess/audio_speech_actors_01-24\Actor_18\03-01-06-02-02-02-18.wav,6,fearful,2,0,1,18
../data/ravdess/audio_speech_actors_01-24\Actor_18\03-01-07-01-01-01-18.wav,7,disgust,1,0,1,18
../data/ravdess/audio_speech_actors_01-24\Actor_18\03-01-07-01-01-02-18.wav,7,disgust,1,0,1,18
../data/ravdess/audio_speech_actors_01-24\Actor_18\03-01-07-01-02-01-18.wav,7,disgust,1,0,1,18
../data/ravdess/audio_speech_actors_01-24\Actor_18\03-01-07-01-02-02-18.wav,7,disgust,1,0,1,18
../data/ravdess/audio_speech_actors_01-24\Actor_18\03-01-07-02-01-01-18.wav,7,disgust,2,0,1,18
../data/ravdess/audio_speech_actors_01-24\Actor_18\03-01-07-02-01-02-18.wav,7,disgust,2,0,1,18
../data/ravdess/audio_speech_actors_01-24\Actor_18\03-01-07-02-02-01-18.wav,7,disgust,2,0,1,18
../data/ravdess/audio_speech_actors_01-24\Actor_18\03-01-07-02-02-02-18.wav,7,disgust,2,0,1,18
../data/ravdess/audio_speech_actors_01-24\Actor_18\03-01-08-01-01-01-18.wav,8,surprised,1,1,1,18
../data/ravdess/audio_speech_actors_01-24\Actor_18\03-01-08-01-01-02-18.wav,8,surprised,1,1,1,18
../data/ravdess/audio_speech_actors_01-24\Actor_18\03-01-08-01-02-01-18.wav,8,surprised,1,1,1,18
../data/ravdess/audio_speech_actors_01-24\Actor_18\03-01-08-01-02-02-18.wav,8,surprised,1,1,1,18
../data/ravdess/audio_speech_actors_01-24\Actor_18\03-01-08-02-01-01-18.wav,8,surprised,2,1,1,18
../data/ravdess/audio_speech_actors_01-24\Actor_18\03-01-08-02-01-02-18.wav,8,surprised,2,1,1,18
../data/ravdess/audio_speech_actors_01-24\Actor_18\03-01-08-02-02-01-18.wav,8,surprised,2,1,1,18
../data/ravdess/audio_speech_actors_01-24\Actor_18\03-01-08-02-02-02-18.wav,8,surprised,2,1,1,18
../data/ravdess/audio_speech_actors_01-24\Actor_19\03-01-01-01-01-01-19.wav,1,neutral,1,1,0,19
../data/ravdess/audio_speech_actors_01-24\Actor_19\03-01-01-01-01-02-19.wav,1,neutral,1,1,0,19
../data/ravdess/audio_speech_actors_01-24\Actor_19\03-01-01-01-02-01-19.wav,1,neutral,1,1,0,19
../data/ravdess/audio_speech_actors_01-24\Actor_19\03-01-01-01-02-02-19.wav,1,neutral,1,1,0,19
../data/ravdess/audio_speech_actors_01-24\Actor_19\03-01-02-01-01-01-19.wav,2,calm,1,1,0,19
../data/ravdess/audio_speech_actors_01-24\Actor_19\03-01-02-01-01-02-19.wav,2,calm,1,1,0,19
../data/ravdess/audio_speech_actors_01-24\Actor_19\03-01-02-01-02-01-19.wav,2,calm,1,1,0,19
../data/ravdess/audio_speech_actors_01-24\Actor_19\03-01-02-01-02-02-19.wav,2,calm,1,1,0,19
../data/ravdess/audio_speech_actors_01-24\Actor_19\03-01-02-02-01-01-19.wav,2,calm,2,1,0,19
../data/ravdess/audio_speech_actors_01-24\Actor_19\03-01-02-02-01-02-19.wav,2,calm,2,1,0,19
../data/ravdess/audio_speech_actors_01-24\Actor_19\03-01-02-02-02-01-19.wav,2,calm,2,1,0,19
../data/ravdess/audio_speech_actors_01-24\Actor_19\03-01-02-02-02-02-19.wav,2,calm,2,1,0,19
../data/ravdess/audio_speech_actors_01-24\Actor_19\03-01-03-01-01-01-19.wav,3,happy,1,1,1,19
../data/ravdess/audio_speech_actors_01-24\Actor_19\03-01-03-01-01-02-19.wav,3,happy,1,1,1,19
../data/ravdess/audio_speech_actors_01-24\Actor_19\03-01-03-01-02-01-19.wav,3,happy,1,1,1,19
../data/ravdess/audio_speech_actors_01-24\Actor_19\03-01-03-01-02-02-19.wav,3,happy,1,1,1,19
../data/ravdess/audio_speech_actors_01-24\Actor_19\03-01-03-02-01-01-19.wav,3,happy,2,1,1,19
../data/ravdess/audio_speech_actors_01-24\Actor_19\03-01-03-02-01-02-19.wav,3,happy,2,1,1,19
../data/ravdess/audio_speech_actors_01-24\Actor_19\03-01-03-02-02-01-19.wav,3,happy,2,1,1,19
../data/ravdess/audio_speech_actors_01-24\Actor_19\03-01-03-02-02-02-19.wav,3,happy,2,1,1,19
../data/ravdess/audio_speech_actors_01-24\Actor_19\03-01-04-01-01-01-19.wav,4,sad,1,0,0,19
../data/ravdess/audio_speech_actors_01-24\Actor_19\03-01-04-01-01-02-19.wav,4,sad,1,0,0,19
../data/ravdess/audio_speech_actors_01-24\Actor_19\03-01-04-01-02-01-19.wav,4,sad,1,0,0,19
../data/ravdess/audio_speech_actors_01-24\Actor_19\03-01-04-01-02-02-19.wav,4,sad,1,0,0,19
../data/ravdess/audio_speech_actors_01-24\Actor_19\03-01-04-02-01-01-19.wav,4,sad,2,0,0,19
../data/ravdess/audio_speech_actors_01-24\Actor_19\03-01-04-02-01-02-19.wav,4,sad,2,0,0,19
../data/ravdess/audio_speech_actors_01-24\Actor_19\03-01-04-02-02-01-19.wav,4,sad,2,0,0,19
../data/ravdess/audio_speech_actors_01-24\Actor_19\03-01-04-02-02-02-19.wav,4,sad,2,0,0,19
../data/ravdess/audio_speech_actors_01-24\Actor_19\03-01-05-01-01-01-19.wav,5,angry,1,0,1,19
../data/ravdess/audio_speech_actors_01-24\Actor_19\03-01-05-01-01-02-19.wav,5,angry,1,0,1,19
../data/ravdess/audio_speech_actors_01-24\Actor_19\03-01-05-01-02-01-19.wav,5,angry,1,0,1,19
../data/ravdess/audio_speech_actors_01-24\Actor_19\03-01-05-01-02-02-19.wav,5,angry,1,0,1,19
../data/ravdess/audio_speech_actors_01-24\Actor_19\03-01-05-02-01-01-19.wav,5,angry,2,0,1,19
../data/ravdess/audio_speech_actors_01-24\Actor_19\03-01-05-02-01-02-19.wav,5,angry,2,0,1,19
../data/ravdess/audio_speech_actors_01-24\Actor_19\03-01-05-02-02-01-19.wav,5,angry,2,0,1,19
../data/ravdess/audio_speech_actors_01-24\Actor_19\03-01-05-02-02-02-19.wav,5,angry,2,0,1,19
../data/ravdess/audio_speech_actors_01-24\Actor_19\03-01-06-01-01-01-19.wav,6,fearful,1,0,1,19
../data/ravdess/audio_speech_actors_01-24\Actor_19\03-01-06-01-01-02-19.wav,6,fearful,1,0,1,19
../data/ravdess/audio_speech_actors_01-24\Actor_19\03-01-06-01-02-01-19.wav,6,fearful,1,0,1,19
../data/ravdess/audio_speech_actors_01-24\Actor_19\03-01-06-01-02-02-19.wav,6,fearful,1,0,1,19
../data/ravdess/audio_speech_actors_01-24\Actor_19\03-01-06-02-01-01-19.wav,6,fearful,2,0,1,19
../data/ravdess/audio_speech_actors_01-24\Actor_19\03-01-06-02-01-02-19.wav,6,fearful,2,0,1,19
../data/ravdess/audio_speech_actors_01-24\Actor_19\03-01-06-02-02-01-19.wav,6,fearful,2,0,1,19
../data/ravdess/audio_speech_actors_01-24\Actor_19\03-01-06-02-02-02-19.wav,6,fearful,2,0,1,19
../data/ravdess/audio_speech_actors_01-24\Actor_19\03-01-07-01-01-01-19.wav,7,disgust,1,0,1,19
../data/ravdess/audio_speech_actors_01-24\Actor_19\03-01-07-01-01-02-19.wav,7,disgust,1,0,1,19
../data/ravdess/audio_speech_actors_01-24\Actor_19\03-01-07-01-02-01-19.wav,7,disgust,1,0,1,19
../data/ravdess/audio_speech_actors_01-24\Actor_19\03-01-07-01-02-02-19.wav,7,disgust,1,0,1,19
../data/ravdess/audio_speech_actors_01-24\Actor_19\03-01-07-02-01-01-19.wav,7,disgust,2,0,1,19
../data/ravdess/audio_speech_actors_01-24\Actor_19\03-01-07-02-01-02-19.wav,7,disgust,2,0,1,19
../data/ravdess/audio_speech_actors_01-24\Actor_19\03-01-07-02-02-01-19.wav,7,disgust,2,0,1,19
../data/ravdess/audio_speech_actors_01-24\Actor_19\03-01-07-02-02-02-19.wav,7,disgust,2,0,1,19
../data/ravdess/audio_speech_actors_01-24\Actor_19\03-01-08-01-01-01-19.wav,8,surprised,1,1,1,19
../data/ravdess/audio_speech_actors_01-24\Actor_19\03-01-08-01-01-02-19.wav,8,surprised,1,1,1,19
../data/ravdess/audio_speech_actors_01-24\Actor_19\03-01-08-01-02-01-19.wav,8,surprised,1,1,1,19
../data/ravdess/audio_speech_actors_01-24\Actor_19\03-01-08-01-02-02-19.wav,8,surprised,1,1,1,19
../data/ravdess/audio_speech_actors_01-24\Actor_19\03-01-08-02-01-01-19.wav,8,surprised,2,1,1,19
../data/ravdess/audio_speech_actors_01-24\Actor_19\03-01-08-02-01-02-19.wav,8,surprised,2,1,1,19
../data/ravdess/audio_speech_actors_01-24\Actor_19\03-01-08-02-02-01-19.wav,8,surprised,2,1,1,19
../data/ravdess/audio_speech_actors_01-24\Actor_19\03-01-08-02-02-02-19.wav,8,surprised,2,1,1,19
../data/ravdess/audio_speech_actors_01-24\Actor_20\03-01-01-01-01-01-20.wav,1,neutral,1,1,0,20
../data/ravdess/audio_speech_actors_01-24\Actor_20\03-01-01-01-01-02-20.wav,1,neutral,1,1,0,20
../data/ravdess/audio_speech_actors_01-24\Actor_20\03-01-01-01-02-01-20.wav,1,neutral,1,1,0,20
../data/ravdess/audio_speech_actors_01-24\Actor_20\03-01-01-01-02-02-20.wav,1,neutral,1,1,0,20
../data/ravdess/audio_speech_actors_01-24\Actor_20\03-01-02-01-01-01-20.wav,2,calm,1,1,0,20
../data/ravdess/audio_speech_actors_01-24\Actor_20\03-01-02-01-01-02-20.wav,2,calm,1,1,0,20
../data/ravdess/audio_speech_actors_01-24\Actor_20\03-01-02-01-02-01-20.wav,2,calm,1,1,0,20
../data/ravdess/audio_speech_actors_01-24\Actor_20\03-01-02-01-02-02-20.wav,2,calm,1,1,0,20
../data/ravdess/audio_speech_actors_01-24\Actor_20\03-01-02-02-01-01-20.wav,2,calm,2,1,0,20
../data/ravdess/audio_speech_actors_01-24\Actor_20\03-01-02-02-01-02-20.wav,2,calm,2,1,0,20
../data/ravdess/audio_speech_actors_01-24\Actor_20\03-01-02-02-02-01-20.wav,2,calm,2,1,0,20
../data/ravdess/audio_speech_actors_01-24\Actor_20\03-01-02-02-02-02-20.wav,2,calm,2,1,0,20
../data/ravdess/audio_speech_actors_01-24\Actor_20\03-01-03-01-01-01-20.wav,3,happy,1,1,1,20
../data/ravdess/audio_speech_actors_01-24\Actor_20\03-01-03-01-01-02-20.wav,3,happy,1,1,1,20
../data/ravdess/audio_speech_actors_01-24\Actor_20\03-01-03-01-02-01-20.wav,3,happy,1,1,1,20
../data/ravdess/audio_speech_actors_01-24\Actor_20\03-01-03-01-02-02-20.wav,3,happy,1,1,1,20
../data/ravdess/audio_speech_actors_01-24\Actor_20\03-01-03-02-01-01-20.wav,3,happy,2,1,1,20
../data/ravdess/audio_speech_actors_01-24\Actor_20\03-01-03-02-01-02-20.wav,3,happy,2,1,1,20
../data/ravdess/audio_speech_actors_01-24\Actor_20\03-01-03-02-02-01-20.wav,3,happy,2,1,1,20
../data/ravdess/audio_speech_actors_01-24\Actor_20\03-01-03-02-02-02-20.wav,3,happy,2,1,1,20
../data/ravdess/audio_speech_actors_01-24\Actor_20\03-01-04-01-01-01-20.wav,4,sad,1,0,0,20
../data/ravdess/audio_speech_actors_01-24\Actor_20\03-01-04-01-01-02-20.wav,4,sad,1,0,0,20
../data/ravdess/audio_speech_actors_01-24\Actor_20\03-01-04-01-02-01-20.wav,4,sad,1,0,0,20
../data/ravdess/audio_speech_actors_01-24\Actor_20\03-01-04-01-02-02-20.wav,4,sad,1,0,0,20
../data/ravdess/audio_speech_actors_01-24\Actor_20\03-01-04-02-01-01-20.wav,4,sad,2,0,0,20
../data/ravdess/audio_speech_actors_01-24\Actor_20\03-01-04-02-01-02-20.wav,4,sad,2,0,0,20
../data/ravdess/audio_speech_actors_01-24\Actor_20\03-01-04-02-02-01-20.wav,4,sad,2,0,0,20
../data/ravdess/audio_speech_actors_01-24\Actor_20\03-01-04-02-02-02-20.wav,4,sad,2,0,0,20
../data/ravdess/audio_speech_actors_01-24\Actor_20\03-01-05-01-01-01-20.wav,5,angry,1,0,1,20
../data/ravdess/audio_speech_actors_01-24\Actor_20\03-01-05-01-01-02-20.wav,5,angry,1,0,1,20
../data/ravdess/audio_speech_actors_01-24\Actor_20\03-01-05-01-02-01-20.wav,5,angry,1,0,1,20
../data/ravdess/audio_speech_actors_01-24\Actor_20\03-01-05-01-02-02-20.wav,5,angry,1,0,1,20
../data/ravdess/audio_speech_actors_01-24\Actor_20\03-01-05-02-01-01-20.wav,5,angry,2,0,1,20
../data/ravdess/audio_speech_actors_01-24\Actor_20\03-01-05-02-01-02-20.wav,5,angry,2,0,1,20
../data/ravdess/audio_speech_actors_01-24\Actor_20\03-01-05-02-02-01-20.wav,5,angry,2,0,1,20
../data/ravdess/audio_speech_actors_01-24\Actor_20\03-01-05-02-02-02-20.wav,5,angry,2,0,1,20
../data/ravdess/audio_speech_actors_01-24\Actor_20\03-01-06-01-01-01-20.wav,6,fearful,1,0,1,20
../data/ravdess/audio_speech_actors_01-24\Actor_20\03-01-06-01-01-02-20.wav,6,fearful,1,0,1,20
../data/ravdess/audio_speech_actors_01-24\Actor_20\03-01-06-01-02-01-20.wav,6,fearful,1,0,1,20
../data/ravdess/audio_speech_actors_01-24\Actor_20\03-01-06-01-02-02-20.wav,6,fearful,1,0,1,20
../data/ravdess/audio_speech_actors_01-24\Actor_20\03-01-06-02-01-01-20.wav,6,fearful,2,0,1,20
../data/ravdess/audio_speech_actors_01-24\Actor_20\03-01-06-02-01-02-20.wav,6,fearful,2,0,1,20
../data/ravdess/audio_speech_actors_01-24\Actor_20\03-01-06-02-02-01-20.wav,6,fearful,2,0,1,20
../data/ravdess/audio_speech_actors_01-24\Actor_20\03-01-06-02-02-02-20.wav,6,fearful,2,0,1,20
../data/ravdess/audio_speech_actors_01-24\Actor_20\03-01-07-01-01-01-20.wav,7,disgust,1,0,1,20
../data/ravdess/audio_speech_actors_01-24\Actor_20\03-01-07-01-01-02-20.wav,7,disgust,1,0,1,20
../data/ravdess/audio_speech_actors_01-24\Actor_20\03-01-07-01-02-01-20.wav,7,disgust,1,0,1,20
../data/ravdess/audio_speech_actors_01-24\Actor_20\03-01-07-01-02-02-20.wav,7,disgust,1,0,1,20
../data/ravdess/audio_speech_actors_01-24\Actor_20\03-01-07-02-01-01-20.wav,7,disgust,2,0,1,20
../data/ravdess/audio_speech_actors_01-24\Actor_20\03-01-07-02-01-02-20.wav,7,disgust,2,0,1,20
../data/ravdess/audio_speech_actors_01-24\Actor_20\03-01-07-02-02-01-20.wav,7,disgust,2,0,1,20
../data/ravdess/audio_speech_actors_01-24\Actor_20\03-01-07-02-02-02-20.wav,7,disgust,2,0,1,20
../data/ravdess/audio_speech_actors_01-24\Actor_20\03-01-08-01-01-01-20.wav,8,surprised,1,1,1,20
../data/ravdess/audio_speech_actors_01-24\Actor_20\03-01-08-01-01-02-20.wav,8,surprised,1,1,1,20
../data/ravdess/audio_speech_actors_01-24\Actor_20\03-01-08-01-02-01-20.wav,8,surprised,1,1,1,20
../data/ravdess/audio_speech_actors_01-24\Actor_20\03-01-08-01-02-02-20.wav,8,surprised,1,1,1,20
../data/ravdess/audio_speech_actors_01-24\Actor_20\03-01-08-02-01-01-20.wav,8,surprised,2,1,1,20
../data/ravdess/audio_speech_actors_01-24\Actor_20\03-01-08-02-01-02-20.wav,8,surprised,2,1,1,20
../data/ravdess/audio_speech_actors_01-24\Actor_20\03-01-08-02-02-01-20.wav,8,surprised,2,1,1,20
../data/ravdess/audio_speech_actors_01-24\Actor_20\03-01-08-02-02-02-20.wav,8,surprised,2,1,1,20
../data/ravdess/audio_speech_actors_01-24\Actor_21\03-01-01-01-01-01-21.wav,1,neutral,1,1,0,21
../data/ravdess/audio_speech_actors_01-24\Actor_21\03-01-01-01-01-02-21.wav,1,neutral,1,1,0,21
../data/ravdess/audio_speech_actors_01-24\Actor_21\03-01-01-01-02-01-21.wav,1,neutral,1,1,0,21
../data/ravdess/audio_speech_actors_01-24\Actor_21\03-01-01-01-02-02-21.wav,1,neutral,1,1,0,21
../data/ravdess/audio_speech_actors_01-24\Actor_21\03-01-02-01-01-01-21.wav,2,calm,1,1,0,21
../data/ravdess/audio_speech_actors_01-24\Actor_21\03-01-02-01-01-02-21.wav,2,calm,1,1,0,21
../data/ravdess/audio_speech_actors_01-24\Actor_21\03-01-02-01-02-01-21.wav,2,calm,1,1,0,21
../data/ravdess/audio_speech_actors_01-24\Actor_21\03-01-02-01-02-02-21.wav,2,calm,1,1,0,21
../data/ravdess/audio_speech_actors_01-24\Actor_21\03-01-02-02-01-01-21.wav,2,calm,2,1,0,21
../data/ravdess/audio_speech_actors_01-24\Actor_21\03-01-02-02-01-02-21.wav,2,calm,2,1,0,21
../data/ravdess/audio_speech_actors_01-24\Actor_21\03-01-02-02-02-01-21.wav,2,calm,2,1,0,21
../data/ravdess/audio_speech_actors_01-24\Actor_21\03-01-02-02-02-02-21.wav,2,calm,2,1,0,21
../data/ravdess/audio_speech_actors_01-24\Actor_21\03-01-03-01-01-01-21.wav,3,happy,1,1,1,21
../data/ravdess/audio_speech_actors_01-24\Actor_21\03-01-03-01-01-02-21.wav,3,happy,1,1,1,21
../data/ravdess/audio_speech_actors_01-24\Actor_21\03-01-03-01-02-01-21.wav,3,happy,1,1,1,21
../data/ravdess/audio_speech_actors_01-24\Actor_21\03-01-03-01-02-02-21.wav,3,happy,1,1,1,21
../data/ravdess/audio_speech_actors_01-24\Actor_21\03-01-03-02-01-01-21.wav,3,happy,2,1,1,21
../data/ravdess/audio_speech_actors_01-24\Actor_21\03-01-03-02-01-02-21.wav,3,happy,2,1,1,21
../data/ravdess/audio_speech_actors_01-24\Actor_21\03-01-03-02-02-01-21.wav,3,happy,2,1,1,21
../data/ravdess/audio_speech_actors_01-24\Actor_21\03-01-03-02-02-02-21.wav,3,happy,2,1,1,21
../data/ravdess/audio_speech_actors_01-24\Actor_21\03-01-04-01-01-01-21.wav,4,sad,1,0,0,21
../data/ravdess/audio_speech_actors_01-24\Actor_21\03-01-04-01-01-02-21.wav,4,sad,1,0,0,21
../data/ravdess/audio_speech_actors_01-24\Actor_21\03-01-04-01-02-01-21.wav,4,sad,1,0,0,21
../data/ravdess/audio_speech_actors_01-24\Actor_21\03-01-04-01-02-02-21.wav,4,sad,1,0,0,21
../data/ravdess/audio_speech_actors_01-24\Actor_21\03-01-04-02-01-01-21.wav,4,sad,2,0,0,21
../data/ravdess/audio_speech_actors_01-24\Actor_21\03-01-04-02-01-02-21.wav,4,sad,2,0,0,21
../data/ravdess/audio_speech_actors_01-24\Actor_21\03-01-04-02-02-01-21.wav,4,sad,2,0,0,21
../data/ravdess/audio_speech_actors_01-24\Actor_21\03-01-04-02-02-02-21.wav,4,sad,2,0,0,21
../data/ravdess/audio_speech_actors_01-24\Actor_21\03-01-05-01-01-01-21.wav,5,angry,1,0,1,21
../data/ravdess/audio_speech_actors_01-24\Actor_21\03-01-05-01-01-02-21.wav,5,angry,1,0,1,21
../data/ravdess/audio_speech_actors_01-24\Actor_21\03-01-05-01-02-01-21.wav,5,angry,1,0,1,21
../data/ravdess/audio_speech_actors_01-24\Actor_21\03-01-05-01-02-02-21.wav,5,angry,1,0,1,21
../data/ravdess/audio_speech_actors_01-24\Actor_21\03-01-05-02-01-01-21.wav,5,angry,2,0,1,21
../data/ravdess/audio_speech_actors_01-24\Actor_21\03-01-05-02-01-02-21.wav,5,angry,2,0,1,21
../data/ravdess/audio_speech_actors_01-24\Actor_21\03-01-05-02-02-01-21.wav,5,angry,2,0,1,21
../data/ravdess/audio_speech_actors_01-24\Actor_21\03-01-05-02-02-02-21.wav,5,angry,2,0,1,21
../data/ravdess/audio_speech_actors_01-24\Actor_21\03-01-06-01-01-01-21.wav,6,fearful,1,0,1,21
../data/ravdess/audio_speech_actors_01-24\Actor_21\03-01-06-01-01-02-21.wav,6,fearful,1,0,1,21
../data/ravdess/audio_speech_actors_01-24\Actor_21\03-01-06-01-02-01-21.wav,6,fearful,1,0,1,21
../data/ravdess/audio_speech_actors_01-24\Actor_21\03-01-06-01-02-02-21.wav,6,fearful,1,0,1,21
../data/ravdess/audio_speech_actors_01-24\Actor_21\03-01-06-02-01-01-21.wav,6,fearful,2,0,1,21
../data/ravdess/audio_speech_actors_01-24\Actor_21\03-01-06-02-01-02-21.wav,6,fearful,2,0,1,21
../data/ravdess/audio_speech_actors_01-24\Actor_21\03-01-06-02-02-01-21.wav,6,fearful,2,0,1,21
../data/ravdess/audio_speech_actors_01-24\Actor_21\03-01-06-02-02-02-21.wav,6,fearful,2,0,1,21
../data/ravdess/audio_speech_actors_01-24\Actor_21\03-01-07-01-01-01-21.wav,7,disgust,1,0,1,21
../data/ravdess/audio_speech_actors_01-24\Actor_21\03-01-07-01-01-02-21.wav,7,disgust,1,0,1,21
../data/ravdess/audio_speech_actors_01-24\Actor_21\03-01-07-01-02-01-21.wav,7,disgust,1,0,1,21
../data/ravdess/audio_speech_actors_01-24\Actor_21\03-01-07-01-02-02-21.wav,7,disgust,1,0,1,21
../data/ravdess/audio_speech_actors_01-24\Actor_21\03-01-07-02-01-01-21.wav,7,disgust,2,0,1,21
../data/ravdess/audio_speech_actors_01-24\Actor_21\03-01-07-02-01-02-21.wav,7,disgust,2,0,1,21
../data/ravdess/audio_speech_actors_01-24\Actor_21\03-01-07-02-02-01-21.wav,7,disgust,2,0,1,21
../data/ravdess/audio_speech_actors_01-24\Actor_21\03-01-07-02-02-02-21.wav,7,disgust,2,0,1,21
../data/ravdess/audio_speech_actors_01-24\Actor_21\03-01-08-01-01-01-21.wav,8,surprised,1,1,1,21
../data/ravdess/audio_speech_actors_01-24\Actor_21\03-01-08-01-01-02-21.wav,8,surprised,1,1,1,21
../data/ravdess/audio_speech_actors_01-24\Actor_21\03-01-08-01-02-01-21.wav,8,surprised,1,1,1,21
../data/ravdess/audio_speech_actors_01-24\Actor_21\03-01-08-01-02-02-21.wav,8,surprised,1,1,1,21
../data/ravdess/audio_speech_actors_01-24\Actor_21\03-01-08-02-01-01-21.wav,8,surprised,2,1,1,21
../data/ravdess/audio_speech_actors_01-24\Actor_21\03-01-08-02-01-02-21.wav,8,surprised,2,1,1,21
../data/ravdess/audio_speech_actors_01-24\Actor_21\03-01-08-02-02-01-21.wav,8,surprised,2,1,1,21
../data/ravdess/audio_speech_actors_01-24\Actor_21\03-01-08-02-02-02-21.wav,8,surprised,2,1,1,21
../data/ravdess/audio_speech_actors_01-24\Actor_22\03-01-01-01-01-01-22.wav,1,neutral,1,1,0,22
../data/ravdess/audio_speech_actors_01-24\Actor_22\03-01-01-01-01-02-22.wav,1,neutral,1,1,0,22
../data/ravdess/audio_speech_actors_01-24\Actor_22\03-01-01-01-02-01-22.wav,1,neutral,1,1,0,22
../data/ravdess/audio_speech_actors_01-24\Actor_22\03-01-01-01-02-02-22.wav,1,neutral,1,1,0,22
../data/ravdess/audio_speech_actors_01-24\Actor_22\03-01-02-01-01-01-22.wav,2,calm,1,1,0,22
../data/ravdess/audio_speech_actors_01-24\Actor_22\03-01-02-01-01-02-22.wav,2,calm,1,1,0,22
../data/ravdess/audio_speech_actors_01-24\Actor_22\03-01-02-01-02-01-22.wav,2,calm,1,1,0,22
../data/ravdess/audio_speech_actors_01-24\Actor_22\03-01-02-01-02-02-22.wav,2,calm,1,1,0,22
../data/ravdess/audio_speech_actors_01-24\Actor_22\03-01-02-02-01-01-22.wav,2,calm,2,1,0,22
../data/ravdess/audio_speech_actors_01-24\Actor_22\03-01-02-02-01-02-22.wav,2,calm,2,1,0,22
../data/ravdess/audio_speech_actors_01-24\Actor_22\03-01-02-02-02-01-22.wav,2,calm,2,1,0,22
../data/ravdess/audio_speech_actors_01-24\Actor_22\03-01-02-02-02-02-22.wav,2,calm,2,1,0,22
../data/ravdess/audio_speech_actors_01-24\Actor_22\03-01-03-01-01-01-22.wav,3,happy,1,1,1,22
../data/ravdess/audio_speech_actors_01-24\Actor_22\03-01-03-01-01-02-22.wav,3,happy,1,1,1,22
../data/ravdess/audio_speech_actors_01-24\Actor_22\03-01-03-01-02-01-22.wav,3,happy,1,1,1,22
../data/ravdess/audio_speech_actors_01-24\Actor_22\03-01-03-01-02-02-22.wav,3,happy,1,1,1,22
../data/ravdess/audio_speech_actors_01-24\Actor_22\03-01-03-02-01-01-22.wav,3,happy,2,1,1,22
../data/ravdess/audio_speech_actors_01-24\Actor_22\03-01-03-02-01-02-22.wav,3,happy,2,1,1,22
../data/ravdess/audio_speech_actors_01-24\Actor_22\03-01-03-02-02-01-22.wav,3,happy,2,1,1,22
../data/ravdess/audio_speech_actors_01-24\Actor_22\03-01-03-02-02-02-22.wav,3,happy,2,1,1,22
../data/ravdess/audio_speech_actors_01-24\Actor_22\03-01-04-01-01-01-22.wav,4,sad,1,0,0,22
../data/ravdess/audio_speech_actors_01-24\Actor_22\03-01-04-01-01-02-22.wav,4,sad,1,0,0,22
../data/ravdess/audio_speech_actors_01-24\Actor_22\03-01-04-01-02-01-22.wav,4,sad,1,0,0,22
../data/ravdess/audio_speech_actors_01-24\Actor_22\03-01-04-01-02-02-22.wav,4,sad,1,0,0,22
../data/ravdess/audio_speech_actors_01-24\Actor_22\03-01-04-02-01-01-22.wav,4,sad,2,0,0,22
../data/ravdess/audio_speech_actors_01-24\Actor_22\03-01-04-02-01-02-22.wav,4,sad,2,0,0,22
../data/ravdess/audio_speech_actors_01-24\Actor_22\03-01-04-02-02-01-22.wav,4,sad,2,0,0,22
../data/ravdess/audio_speech_actors_01-24\Actor_22\03-01-04-02-02-02-22.wav,4,sad,2,0,0,22
../data/ravdess/audio_speech_actors_01-24\Actor_22\03-01-05-01-01-01-22.wav,5,angry,1,0,1,22
../data/ravdess/audio_speech_actors_01-24\Actor_22\03-01-05-01-01-02-22.wav,5,angry,1,0,1,22
../data/ravdess/audio_speech_actors_01-24\Actor_22\03-01-05-01-02-01-22.wav,5,angry,1,0,1,22
../data/ravdess/audio_speech_actors_01-24\Actor_22\03-01-05-01-02-02-22.wav,5,angry,1,0,1,22
../data/ravdess/audio_speech_actors_01-24\Actor_22\03-01-05-02-01-01-22.wav,5,angry,2,0,1,22
../data/ravdess/audio_speech_actors_01-24\Actor_22\03-01-05-02-01-02-22.wav,5,angry,2,0,1,22
../data/ravdess/audio_speech_actors_01-24\Actor_22\03-01-05-02-02-01-22.wav,5,angry,2,0,1,22
../data/ravdess/audio_speech_actors_01-24\Actor_22\03-01-05-02-02-02-22.wav,5,angry,2,0,1,22
../data/ravdess/audio_speech_actors_01-24\Actor_22\03-01-06-01-01-01-22.wav,6,fearful,1,0,1,22
../data/ravdess/audio_speech_actors_01-24\Actor_22\03-01-06-01-01-02-22.wav,6,fearful,1,0,1,22
../data/ravdess/audio_speech_actors_01-24\Actor_22\03-01-06-01-02-01-22.wav,6,fearful,1,0,1,22
../data/ravdess/audio_speech_actors_01-24\Actor_22\03-01-06-01-02-02-22.wav,6,fearful,1,0,1,22
../data/ravdess/audio_speech_actors_01-24\Actor_22\03-01-06-02-01-01-22.wav,6,fearful,2,0,1,22
../data/ravdess/audio_speech_actors_01-24\Actor_22\03-01-06-02-01-02-22.wav,6,fearful,2,0,1,22
../data/ravdess/audio_speech_actors_01-24\Actor_22\03-01-06-02-02-01-22.wav,6,fearful,2,0,1,22
../data/ravdess/audio_speech_actors_01-24\Actor_22\03-01-06-02-02-02-22.wav,6,fearful,2,0,1,22
../data/ravdess/audio_speech_actors_01-24\Actor_22\03-01-07-01-01-01-22.wav,7,disgust,1,0,1,22
../data/ravdess/audio_speech_actors_01-24\Actor_22\03-01-07-01-01-02-22.wav,7,disgust,1,0,1,22
../data/ravdess/audio_speech_actors_01-24\Actor_22\03-01-07-01-02-01-22.wav,7,disgust,1,0,1,22
../data/ravdess/audio_speech_actors_01-24\Actor_22\03-01-07-01-02-02-22.wav,7,disgust,1,0,1,22
../data/ravdess/audio_speech_actors_01-24\Actor_22\03-01-07-02-01-01-22.wav,7,disgust,2,0,1,22
../data/ravdess/audio_speech_actors_01-24\Actor_22\03-01-07-02-01-02-22.wav,7,disgust,2,0,1,22
../data/ravdess/audio_speech_actors_01-24\Actor_22\03-01-07-02-02-01-22.wav,7,disgust,2,0,1,22
../data/ravdess/audio_speech_actors_01-24\Actor_22\03-01-07-02-02-02-22.wav,7,disgust,2,0,1,22
../data/ravdess/audio_speech_actors_01-24\Actor_22\03-01-08-01-01-01-22.wav,8,surprised,1,1,1,22
../data/ravdess/audio_speech_actors_01-24\Actor_22\03-01-08-01-01-02-22.wav,8,surprised,1,1,1,22
../data/ravdess/audio_speech_actors_01-24\Actor_22\03-01-08-01-02-01-22.wav,8,surprised,1,1,1,22
../data/ravdess/audio_speech_actors_01-24\Actor_22\03-01-08-01-02-02-22.wav,8,surprised,1,1,1,22
../data/ravdess/audio_speech_actors_01-24\Actor_22\03-01-08-02-01-01-22.wav,8,surprised,2,1,1,22
../data/ravdess/audio_speech_actors_01-24\Actor_22\03-01-08-02-01-02-22.wav,8,surprised,2,1,1,22
../data/ravdess/audio_speech_actors_01-24\Actor_22\03-01-08-02-02-01-22.wav,8,surprised,2,1,1,22
../data/ravdess/audio_speech_actors_01-24\Actor_22\03-01-08-02-02-02-22.wav,8,surprised,2,1,1,22
../data/ravdess/audio_speech_actors_01-24\Actor_23\03-01-01-01-01-01-23.wav,1,neutral,1,1,0,23
../data/ravdess/audio_speech_actors_01-24\Actor_23\03-01-01-01-01-02-23.wav,1,neutral,1,1,0,23
../data/ravdess/audio_speech_actors_01-24\Actor_23\03-01-01-01-02-01-23.wav,1,neutral,1,1,0,23
../data/ravdess/audio_speech_actors_01-24\Actor_23\03-01-01-01-02-02-23.wav,1,neutral,1,1,0,23
../data/ravdess/audio_speech_actors_01-24\Actor_23\03-01-02-01-01-01-23.wav,2,calm,1,1,0,23
../data/ravdess/audio_speech_actors_01-24\Actor_23\03-01-02-01-01-02-23.wav,2,calm,1,1,0,23
../data/ravdess/audio_speech_actors_01-24\Actor_23\03-01-02-01-02-01-23.wav,2,calm,1,1,0,23
../data/ravdess/audio_speech_actors_01-24\Actor_23\03-01-02-01-02-02-23.wav,2,calm,1,1,0,23
../data/ravdess/audio_speech_actors_01-24\Actor_23\03-01-02-02-01-01-23.wav,2,calm,2,1,0,23
../data/ravdess/audio_speech_actors_01-24\Actor_23\03-01-02-02-01-02-23.wav,2,calm,2,1,0,23
../data/ravdess/audio_speech_actors_01-24\Actor_23\03-01-02-02-02-01-23.wav,2,calm,2,1,0,23
../data/ravdess/audio_speech_actors_01-24\Actor_23\03-01-02-02-02-02-23.wav,2,calm,2,1,0,23
../data/ravdess/audio_speech_actors_01-24\Actor_23\03-01-03-01-01-01-23.wav,3,happy,1,1,1,23
../data/ravdess/audio_speech_actors_01-24\Actor_23\03-01-03-01-01-02-23.wav,3,happy,1,1,1,23
../data/ravdess/audio_speech_actors_01-24\Actor_23\03-01-03-01-02-01-23.wav,3,happy,1,1,1,23
../data/ravdess/audio_speech_actors_01-24\Actor_23\03-01-03-01-02-02-23.wav,3,happy,1,1,1,23
../data/ravdess/audio_speech_actors_01-24\Actor_23\03-01-03-02-01-01-23.wav,3,happy,2,1,1,23
../data/ravdess/audio_speech_actors_01-24\Actor_23\03-01-03-02-01-02-23.wav,3,happy,2,1,1,23
../data/ravdess/audio_speech_actors_01-24\Actor_23\03-01-03-02-02-01-23.wav,3,happy,2,1,1,23
../data/ravdess/audio_speech_actors_01-24\Actor_23\03-01-03-02-02-02-23.wav,3,happy,2,1,1,23
../data/ravdess/audio_speech_actors_01-24\Actor_23\03-01-04-01-01-01-23.wav,4,sad,1,0,0,23
../data/ravdess/audio_speech_actors_01-24\Actor_23\03-01-04-01-01-02-23.wav,4,sad,1,0,0,23
../data/ravdess/audio_speech_actors_01-24\Actor_23\03-01-04-01-02-01-23.wav,4,sad,1,0,0,23
../data/ravdess/audio_speech_actors_01-24\Actor_23\03-01-04-01-02-02-23.wav,4,sad,1,0,0,23
../data/ravdess/audio_speech_actors_01-24\Actor_23\03-01-04-02-01-01-23.wav,4,sad,2,0,0,23
../data/ravdess/audio_speech_actors_01-24\Actor_23\03-01-04-02-01-02-23.wav,4,sad,2,0,0,23
../data/ravdess/audio_speech_actors_01-24\Actor_23\03-01-04-02-02-01-23.wav,4,sad,2,0,0,23
../data/ravdess/audio_speech_actors_01-24\Actor_23\03-01-04-02-02-02-23.wav,4,sad,2,0,0,23
../data/ravdess/audio_speech_actors_01-24\Actor_23\03-01-05-01-01-01-23.wav,5,angry,1,0,1,23
../data/ravdess/audio_speech_actors_01-24\Actor_23\03-01-05-01-01-02-23.wav,5,angry,1,0,1,23
../data/ravdess/audio_speech_actors_01-24\Actor_23\03-01-05-01-02-01-23.wav,5,angry,1,0,1,23
../data/ravdess/audio_speech_actors_01-24\Actor_23\03-01-05-01-02-02-23.wav,5,angry,1,0,1,23
../data/ravdess/audio_speech_actors_01-24\Actor_23\03-01-05-02-01-01-23.wav,5,angry,2,0,1,23
../data/ravdess/audio_speech_actors_01-24\Actor_23\03-01-05-02-01-02-23.wav,5,angry,2,0,1,23
../data/ravdess/audio_speech_actors_01-24\Actor_23\03-01-05-02-02-01-23.wav,5,angry,2,0,1,23
../data/ravdess/audio_speech_actors_01-24\Actor_23\03-01-05-02-02-02-23.wav,5,angry,2,0,1,23
../data/ravdess/audio_speech_actors_01-24\Actor_23\03-01-06-01-01-01-23.wav,6,fearful,1,0,1,23
../data/ravdess/audio_speech_actors_01-24\Actor_23\03-01-06-01-01-02-23.wav,6,fearful,1,0,1,23
../data/ravdess/audio_speech_actors_01-24\Actor_23\03-01-06-01-02-01-23.wav,6,fearful,1,0,1,23
../data/ravdess/audio_speech_actors_01-24\Actor_23\03-01-06-01-02-02-23.wav,6,fearful,1,0,1,23
../data/ravdess/audio_speech_actors_01-24\Actor_23\03-01-06-02-01-01-23.wav,6,fearful,2,0,1,23
../data/ravdess/audio_speech_actors_01-24\Actor_23\03-01-06-02-01-02-23.wav,6,fearful,2,0,1,23
../data/ravdess/audio_speech_actors_01-24\Actor_23\03-01-06-02-02-01-23.wav,6,fearful,2,0,1,23
../data/ravdess/audio_speech_actors_01-24\Actor_23\03-01-06-02-02-02-23.wav,6,fearful,2,0,1,23
../data/ravdess/audio_speech_actors_01-24\Actor_23\03-01-07-01-01-01-23.wav,7,disgust,1,0,1,23
../data/ravdess/audio_speech_actors_01-24\Actor_23\03-01-07-01-01-02-23.wav,7,disgust,1,0,1,23
../data/ravdess/audio_speech_actors_01-24\Actor_23\03-01-07-01-02-01-23.wav,7,disgust,1,0,1,23
../data/ravdess/audio_speech_actors_01-24\Actor_23\03-01-07-01-02-02-23.wav,7,disgust,1,0,1,23
../data/ravdess/audio_speech_actors_01-24\Actor_23\03-01-07-02-01-01-23.wav,7,disgust,2,0,1,23
../data/ravdess/audio_speech_actors_01-24\Actor_23\03-01-07-02-01-02-23.wav,7,disgust,2,0,1,23
../data/ravdess/audio_speech_actors_01-24\Actor_23\03-01-07-02-02-01-23.wav,7,disgust,2,0,1,23
../data/ravdess/audio_speech_actors_01-24\Actor_23\03-01-07-02-02-02-23.wav,7,disgust,2,0,1,23
../data/ravdess/audio_speech_actors_01-24\Actor_23\03-01-08-01-01-01-23.wav,8,surprised,1,1,1,23
../data/ravdess/audio_speech_actors_01-24\Actor_23\03-01-08-01-01-02-23.wav,8,surprised,1,1,1,23
../data/ravdess/audio_speech_actors_01-24\Actor_23\03-01-08-01-02-01-23.wav,8,surprised,1,1,1,23
../data/ravdess/audio_speech_actors_01-24\Actor_23\03-01-08-01-02-02-23.wav,8,surprised,1,1,1,23
../data/ravdess/audio_speech_actors_01-24\Actor_23\03-01-08-02-01-01-23.wav,8,surprised,2,1,1,23
../data/ravdess/audio_speech_actors_01-24\Actor_23\03-01-08-02-01-02-23.wav,8,surprised,2,1,1,23
../data/ravdess/audio_speech_actors_01-24\Actor_23\03-01-08-02-02-01-23.wav,8,surprised,2,1,1,23
../data/ravdess/audio_speech_actors_01-24\Actor_23\03-01-08-02-02-02-23.wav,8,surprised,2,1,1,23
../data/ravdess/audio_speech_actors_01-24\Actor_24\03-01-01-01-01-01-24.wav,1,neutral,1,1,0,24
../data/ravdess/audio_speech_actors_01-24\Actor_24\03-01-01-01-01-02-24.wav,1,neutral,1,1,0,24
../data/ravdess/audio_speech_actors_01-24\Actor_24\03-01-01-01-02-01-24.wav,1,neutral,1,1,0,24
../data/ravdess/audio_speech_actors_01-24\Actor_24\03-01-01-01-02-02-24.wav,1,neutral,1,1,0,24
../data/ravdess/audio_speech_actors_01-24\Actor_24\03-01-02-01-01-01-24.wav,2,calm,1,1,0,24
../data/ravdess/audio_speech_actors_01-24\Actor_24\03-01-02-01-01-02-24.wav,2,calm,1,1,0,24
../data/ravdess/audio_speech_actors_01-24\Actor_24\03-01-02-01-02-01-24.wav,2,calm,1,1,0,24
../data/ravdess/audio_speech_actors_01-24\Actor_24\03-01-02-01-02-02-24.wav,2,calm,1,1,0,24
../data/ravdess/audio_speech_actors_01-24\Actor_24\03-01-02-02-01-01-24.wav,2,calm,2,1,0,24
../data/ravdess/audio_speech_actors_01-24\Actor_24\03-01-02-02-01-02-24.wav,2,calm,2,1,0,24
../data/ravdess/audio_speech_actors_01-24\Actor_24\03-01-02-02-02-01-24.wav,2,calm,2,1,0,24
../data/ravdess/audio_speech_actors_01-24\Actor_24\03-01-02-02-02-02-24.wav,2,calm,2,1,0,24
../data/ravdess/audio_speech_actors_01-24\Actor_24\03-01-03-01-01-01-24.wav,3,happy,1,1,1,24
../data/ravdess/audio_speech_actors_01-24\Actor_24\03-01-03-01-01-02-24.wav,3,happy,1,1,1,24
../data/ravdess/audio_speech_actors_01-24\Actor_24\03-01-03-01-02-01-24.wav,3,happy,1,1,1,24
../data/ravdess/audio_speech_actors_01-24\Actor_24\03-01-03-01-02-02-24.wav,3,happy,1,1,1,24
../data/ravdess/audio_speech_actors_01-24\Actor_24\03-01-03-02-01-01-24.wav,3,happy,2,1,1,24
../data/ravdess/audio_speech_actors_01-24\Actor_24\03-01-03-02-01-02-24.wav,3,happy,2,1,1,24
../data/ravdess/audio_speech_actors_01-24\Actor_24\03-01-03-02-02-01-24.wav,3,happy,2,1,1,24
../data/ravdess/audio_speech_actors_01-24\Actor_24\03-01-03-02-02-02-24.wav,3,happy,2,1,1,24
../data/ravdess/audio_speech_actors_01-24\Actor_24\03-01-04-01-01-01-24.wav,4,sad,1,0,0,24
../data/ravdess/audio_speech_actors_01-24\Actor_24\03-01-04-01-01-02-24.wav,4,sad,1,0,0,24
../data/ravdess/audio_speech_actors_01-24\Actor_24\03-01-04-01-02-01-24.wav,4,sad,1,0,0,24
../data/ravdess/audio_speech_actors_01-24\Actor_24\03-01-04-01-02-02-24.wav,4,sad,1,0,0,24
../data/ravdess/audio_speech_actors_01-24\Actor_24\03-01-04-02-01-01-24.wav,4,sad,2,0,0,24
../data/ravdess/audio_speech_actors_01-24\Actor_24\03-01-04-02-01-02-24.wav,4,sad,2,0,0,24
../data/ravdess/audio_speech_actors_01-24\Actor_24\03-01-04-02-02-01-24.wav,4,sad,2,0,0,24
../data/ravdess/audio_speech_actors_01-24\Actor_24\03-01-04-02-02-02-24.wav,4,sad,2,0,0,24
../data/ravdess/audio_speech_actors_01-24\Actor_24\03-01-05-01-01-01-24.wav,5,angry,1,0,1,24
../data/ravdess/audio_speech_actors_01-24\Actor_24\03-01-05-01-01-02-24.wav,5,angry,1,0,1,24
../data/ravdess/audio_speech_actors_01-24\Actor_24\03-01-05-01-02-01-24.wav,5,angry,1,0,1,24
../data/ravdess/audio_speech_actors_01-24\Actor_24\03-01-05-01-02-02-24.wav,5,angry,1,0,1,24
../data/ravdess/audio_speech_actors_01-24\Actor_24\03-01-05-02-01-01-24.wav,5,angry,2,0,1,24
../data/ravdess/audio_speech_actors_01-24\Actor_24\03-01-05-02-01-02-24.wav,5,angry,2,0,1,24
../data/ravdess/audio_speech_actors_01-24\Actor_24\03-01-05-02-02-01-24.wav,5,angry,2,0,1,24
../data/ravdess/audio_speech_actors_01-24\Actor_24\03-01-05-02-02-02-24.wav,5,angry,2,0,1,24
../data/ravdess/audio_speech_actors_01-24\Actor_24\03-01-06-01-01-01-24.wav,6,fearful,1,0,1,24
../data/ravdess/audio_speech_actors_01-24\Actor_24\03-01-06-01-01-02-24.wav,6,fearful,1,0,1,24
../data/ravdess/audio_speech_actors_01-24\Actor_24\03-01-06-01-02-01-24.wav,6,fearful,1,0,1,24
../data/ravdess/audio_speech_actors_01-24\Actor_24\03-01-06-01-02-02-24.wav,6,fearful,1,0,1,24
../data/ravdess/audio_speech_actors_01-24\Actor_24\03-01-06-02-01-01-24.wav,6,fearful,2,0,1,24
../data/ravdess/audio_speech_actors_01-24\Actor_24\03-01-06-02-01-02-24.wav,6,fearful,2,0,1,24
../data/ravdess/audio_speech_actors_01-24\Actor_24\03-01-06-02-02-01-24.wav,6,fearful,2,0,1,24
../data/ravdess/audio_speech_actors_01-24\Actor_24\03-01-06-02-02-02-24.wav,6,fearful,2,0,1,24
../data/ravdess/audio_speech_actors_01-24\Actor_24\03-01-07-01-01-01-24.wav,7,disgust,1,0,1,24
../data/ravdess/audio_speech_actors_01-24\Actor_24\03-01-07-01-01-02-24.wav,7,disgust,1,0,1,24
../data/ravdess/audio_speech_actors_01-24\Actor_24\03-01-07-01-02-01-24.wav,7,disgust,1,0,1,24
../data/ravdess/audio_speech_actors_01-24\Actor_24\03-01-07-01-02-02-24.wav,7,disgust,1,0,1,24
../data/ravdess/audio_speech_actors_01-24\Actor_24\03-01-07-02-01-01-24.wav,7,disgust,2,0,1,24
../data/ravdess/audio_speech_actors_01-24\Actor_24\03-01-07-02-01-02-24.wav,7,disgust,2,0,1,24
../data/ravdess/audio_speech_actors_01-24\Actor_24\03-01-07-02-02-01-24.wav,7,disgust,2,0,1,24
../data/ravdess/audio_speech_actors_01-24\Actor_24\03-01-07-02-02-02-24.wav,7,disgust,2,0,1,24
../data/ravdess/audio_speech_actors_01-24\Actor_24\03-01-08-01-01-01-24.wav,8,surprised,1,1,1,24
../data/ravdess/audio_speech_actors_01-24\Actor_24\03-01-08-01-01-02-24.wav,8,surprised,1,1,1,24
../data/ravdess/audio_speech_actors_01-24\Actor_24\03-01-08-01-02-01-24.wav,8,surprised,1,1,1,24
../data/ravdess/audio_speech_actors_01-24\Actor_24\03-01-08-01-02-02-24.wav,8,surprised,1,1,1,24
../data/ravdess/audio_speech_actors_01-24\Actor_24\03-01-08-02-01-01-24.wav,8,surprised,2,1,1,24
../data/ravdess/audio_speech_actors_01-24\Actor_24\03-01-08-02-01-02-24.wav,8,surprised,2,1,1,24
../data/ravdess/audio_speech_actors_01-24\Actor_24\03-01-08-02-02-01-24.wav,8,surprised,2,1,1,24
../data/ravdess/audio_speech_actors_01-24\Actor_24\03-01-08-02-02-02-24.wav,8,surprised,2,1,1,24
